"COUNTRY","INDICATOR","UNIT","FREQUENCY","TIME_PERIOD","OBS_VALUE","SCALE"
"Japan","Total reserves (gold at market value)","US dollar","Monthly","1959-M12","1446.75353","Millions"
"Japan","Total reserves (gold at market value)","US dollar","Monthly","1960-M01","1454.0678","Millions"
"Japan","Total reserves (gold at market value)","US dollar","Monthly","1960-M02","1446.96329","Millions"
"Japan","Total reserves (gold at market value)","US dollar","Monthly","1960-M03","1487.20784","Millions"
"Japan","Total reserves (gold at market value)","US dollar","Monthly","1960-M04","1511.24296","Millions"
"Japan","Total reserves (gold at market value)","US dollar","Monthly","1960-M05","1545.10365","Millions"
"Japan","Total reserves (gold at market value)","US dollar","Monthly","1960-M06","1577.13874","Millions"
"Japan","Total reserves (gold at market value)","US dollar","Monthly","1960-M07","1630.45331","Millions"
"Japan","Total reserves (gold at market value)","US dollar","Monthly","1960-M08","1695.08896","Millions"
"Japan","Total reserves (gold at market value)","US dollar","Monthly","1960-M09","1784.61811","Millions"
"Japan","Total reserves (gold at market value)","US dollar","Monthly","1960-M10","1849.29974","Millions"
"Japan","Total reserves (gold at market value)","US dollar","Monthly","1960-M11","1889.44158","Millions"
"Japan","Total reserves (gold at market value)","US dollar","Monthly","1960-M12","1953.3716","Millions"
"Japan","Total reserves (gold at market value)","US dollar","Monthly","1961-M01","2012.71232","Millions"
"Japan","Total reserves (gold at market value)","US dollar","Monthly","1961-M02","2062.77004","Millions"
"Japan","Total reserves (gold at market value)","US dollar","Monthly","1961-M03","2122.87576","Millions"
"Japan","Total reserves (gold at market value)","US dollar","Monthly","1961-M04","2160.87528","Millions"
"Japan","Total reserves (gold at market value)","US dollar","Monthly","1961-M05","2091.76902","Millions"
"Japan","Total reserves (gold at market value)","US dollar","Monthly","1961-M06","2037.98052","Millions"
"Japan","Total reserves (gold at market value)","US dollar","Monthly","1961-M07","1963.4398","Millions"
"Japan","Total reserves (gold at market value)","US dollar","Monthly","1961-M08","1877.98934","Millions"
"Japan","Total reserves (gold at market value)","US dollar","Monthly","1961-M09","1792.02453","Millions"
"Japan","Total reserves (gold at market value)","US dollar","Monthly","1961-M10","1688.1552","Millions"
"Japan","Total reserves (gold at market value)","US dollar","Monthly","1961-M11","1669.86632","Millions"
"Japan","Total reserves (gold at market value)","US dollar","Monthly","1961-M12","1667.12455","Millions"
"Japan","Total reserves (gold at market value)","US dollar","Monthly","1962-M01","1691.24168","Millions"
"Japan","Total reserves (gold at market value)","US dollar","Monthly","1962-M02","1694.656","Millions"
"Japan","Total reserves (gold at market value)","US dollar","Monthly","1962-M03","1742.07696","Millions"
"Japan","Total reserves (gold at market value)","US dollar","Monthly","1962-M04","1739.06498","Millions"
"Japan","Total reserves (gold at market value)","US dollar","Monthly","1962-M05","1766.1822","Millions"
"Japan","Total reserves (gold at market value)","US dollar","Monthly","1962-M06","1803.46376","Millions"
"Japan","Total reserves (gold at market value)","US dollar","Monthly","1962-M07","1816.41173","Millions"
"Japan","Total reserves (gold at market value)","US dollar","Monthly","1962-M08","1828.61172","Millions"
"Japan","Total reserves (gold at market value)","US dollar","Monthly","1962-M09","1901.59952","Millions"
"Japan","Total reserves (gold at market value)","US dollar","Monthly","1962-M10","1985.55217","Millions"
"Japan","Total reserves (gold at market value)","US dollar","Monthly","1962-M11","1973.37492","Millions"
"Japan","Total reserves (gold at market value)","US dollar","Monthly","1962-M12","2021.3375","Millions"
"Japan","Total reserves (gold at market value)","US dollar","Monthly","1963-M01","2064.39764","Millions"
"Japan","Total reserves (gold at market value)","US dollar","Monthly","1963-M02","2036.43271","Millions"
"Japan","Total reserves (gold at market value)","US dollar","Monthly","1963-M03","2043.79794","Millions"
"Japan","Total reserves (gold at market value)","US dollar","Monthly","1963-M04","2058.5854","Millions"
"Japan","Total reserves (gold at market value)","US dollar","Monthly","1963-M05","2074.57299","Millions"
"Japan","Total reserves (gold at market value)","US dollar","Monthly","1963-M06","2082.69064","Millions"
"Japan","Total reserves (gold at market value)","US dollar","Monthly","1963-M07","2063.8909","Millions"
"Japan","Total reserves (gold at market value)","US dollar","Monthly","1963-M08","2090.04371","Millions"
"Japan","Total reserves (gold at market value)","US dollar","Monthly","1963-M09","2086.74834","Millions"
"Japan","Total reserves (gold at market value)","US dollar","Monthly","1963-M10","2103.11393","Millions"
"Japan","Total reserves (gold at market value)","US dollar","Monthly","1963-M11","2091.9362","Millions"
"Japan","Total reserves (gold at market value)","US dollar","Monthly","1963-M12","2059.01636","Millions"
"Japan","Total reserves (gold at market value)","US dollar","Monthly","1964-M01","2036.07652","Millions"
"Japan","Total reserves (gold at market value)","US dollar","Monthly","1964-M02","1982.1116","Millions"
"Japan","Total reserves (gold at market value)","US dollar","Monthly","1964-M03","1997.18176","Millions"
"Japan","Total reserves (gold at market value)","US dollar","Monthly","1964-M04","1975.21684","Millions"
"Japan","Total reserves (gold at market value)","US dollar","Monthly","1964-M05","1930.67288","Millions"
"Japan","Total reserves (gold at market value)","US dollar","Monthly","1964-M06","1937.74304","Millions"
"Japan","Total reserves (gold at market value)","US dollar","Monthly","1964-M07","1915.80812","Millions"
"Japan","Total reserves (gold at market value)","US dollar","Monthly","1964-M08","1927.8932","Millions"
"Japan","Total reserves (gold at market value)","US dollar","Monthly","1964-M09","1940.21212","Millions"
"Japan","Total reserves (gold at market value)","US dollar","Monthly","1964-M10","1907.36528","Millions"
"Japan","Total reserves (gold at market value)","US dollar","Monthly","1964-M11","1925.2345","Millions"
"Japan","Total reserves (gold at market value)","US dollar","Monthly","1964-M12","2020.624","Millions"
"Japan","Total reserves (gold at market value)","US dollar","Monthly","1965-M01","2048.74613","Millions"
"Japan","Total reserves (gold at market value)","US dollar","Monthly","1965-M02","2072.27968","Millions"
"Japan","Total reserves (gold at market value)","US dollar","Monthly","1965-M03","2075.6859","Millions"
"Japan","Total reserves (gold at market value)","US dollar","Monthly","1965-M04","2040.87277","Millions"
"Japan","Total reserves (gold at market value)","US dollar","Monthly","1965-M05","2059.6007","Millions"
"Japan","Total reserves (gold at market value)","US dollar","Monthly","1965-M06","2026.6709","Millions"
"Japan","Total reserves (gold at market value)","US dollar","Monthly","1965-M07","1997.3512","Millions"
"Japan","Total reserves (gold at market value)","US dollar","Monthly","1965-M08","2010.6888","Millions"
"Japan","Total reserves (gold at market value)","US dollar","Monthly","1965-M09","2016.72739","Millions"
"Japan","Total reserves (gold at market value)","US dollar","Monthly","1965-M10","2045.32928","Millions"
"Japan","Total reserves (gold at market value)","US dollar","Monthly","1965-M11","2132.44625","Millions"
"Japan","Total reserves (gold at market value)","US dollar","Monthly","1965-M12","2153.61024","Millions"
"Japan","Total reserves (gold at market value)","US dollar","Monthly","1966-M01","2129.14943","Millions"
"Japan","Total reserves (gold at market value)","US dollar","Monthly","1966-M02","2156.36045","Millions"
"Japan","Total reserves (gold at market value)","US dollar","Monthly","1966-M03","2156.49305","Millions"
"Japan","Total reserves (gold at market value)","US dollar","Monthly","1966-M04","2144.35557","Millions"
"Japan","Total reserves (gold at market value)","US dollar","Monthly","1966-M05","2142.6603","Millions"
"Japan","Total reserves (gold at market value)","US dollar","Monthly","1966-M06","2151.01249","Millions"
"Japan","Total reserves (gold at market value)","US dollar","Monthly","1966-M07","2100.14164","Millions"
"Japan","Total reserves (gold at market value)","US dollar","Monthly","1966-M08","2110.05195","Millions"
"Japan","Total reserves (gold at market value)","US dollar","Monthly","1966-M09","2091.12233","Millions"
"Japan","Total reserves (gold at market value)","US dollar","Monthly","1966-M10","2065.81635","Millions"
"Japan","Total reserves (gold at market value)","US dollar","Monthly","1966-M11","2091.25072","Millions"
"Japan","Total reserves (gold at market value)","US dollar","Monthly","1966-M12","2121.51942","Millions"
"Japan","Total reserves (gold at market value)","US dollar","Monthly","1967-M01","2099.54461","Millions"
"Japan","Total reserves (gold at market value)","US dollar","Monthly","1967-M02","2097.44905","Millions"
"Japan","Total reserves (gold at market value)","US dollar","Monthly","1967-M03","2124.1574","Millions"
"Japan","Total reserves (gold at market value)","US dollar","Monthly","1967-M04","2139.28689","Millions"
"Japan","Total reserves (gold at market value)","US dollar","Monthly","1967-M05","2137.46402","Millions"
"Japan","Total reserves (gold at market value)","US dollar","Monthly","1967-M06","2101.62879","Millions"
"Japan","Total reserves (gold at market value)","US dollar","Monthly","1967-M07","2063.41006","Millions"
"Japan","Total reserves (gold at market value)","US dollar","Monthly","1967-M08","2009.74728","Millions"
"Japan","Total reserves (gold at market value)","US dollar","Monthly","1967-M09","2048.99944","Millions"
"Japan","Total reserves (gold at market value)","US dollar","Monthly","1967-M10","2021.31084","Millions"
"Japan","Total reserves (gold at market value)","US dollar","Monthly","1967-M11","1990.1484","Millions"
"Japan","Total reserves (gold at market value)","US dollar","Monthly","1967-M12","2032.4364","Millions"
"Japan","Total reserves (gold at market value)","US dollar","Monthly","1968-M01","1999.3164","Millions"
"Japan","Total reserves (gold at market value)","US dollar","Monthly","1968-M02","2026.0044","Millions"
"Japan","Total reserves (gold at market value)","US dollar","Monthly","1968-M03","2036.0168","Millions"
"Japan","Total reserves (gold at market value)","US dollar","Monthly","1968-M04","1959.6506","Millions"
"Japan","Total reserves (gold at market value)","US dollar","Monthly","1968-M05","2012.40955","Millions"
"Japan","Total reserves (gold at market value)","US dollar","Monthly","1968-M06","2062.0121","Millions"
"Japan","Total reserves (gold at market value)","US dollar","Monthly","1968-M07","2137.11565","Millions"
"Japan","Total reserves (gold at market value)","US dollar","Monthly","1968-M08","2293.056","Millions"
"Japan","Total reserves (gold at market value)","US dollar","Monthly","1968-M09","2428.122","Millions"
"Japan","Total reserves (gold at market value)","US dollar","Monthly","1968-M10","2615.67","Millions"
"Japan","Total reserves (gold at market value)","US dollar","Monthly","1968-M11","2842.3942","Millions"
"Japan","Total reserves (gold at market value)","US dollar","Monthly","1968-M12","2976.2468","Millions"
"Japan","Total reserves (gold at market value)","US dollar","Monthly","1969-M01","3026.75688","Millions"
"Japan","Total reserves (gold at market value)","US dollar","Monthly","1969-M02","3169.2198","Millions"
"Japan","Total reserves (gold at market value)","US dollar","Monthly","1969-M03","3298.6274","Millions"
"Japan","Total reserves (gold at market value)","US dollar","Monthly","1969-M04","3196.6492","Millions"
"Japan","Total reserves (gold at market value)","US dollar","Monthly","1969-M05","3184.35084","Millions"
"Japan","Total reserves (gold at market value)","US dollar","Monthly","1969-M06","3193.4048","Millions"
"Japan","Total reserves (gold at market value)","US dollar","Monthly","1969-M07","3140.38681","Millions"
"Japan","Total reserves (gold at market value)","US dollar","Monthly","1969-M08","3226.76766","Millions"
"Japan","Total reserves (gold at market value)","US dollar","Monthly","1969-M09","3360.37956","Millions"
"Japan","Total reserves (gold at market value)","US dollar","Monthly","1969-M10","3357.60575","Millions"
"Japan","Total reserves (gold at market value)","US dollar","Monthly","1969-M11","3555.7588","Millions"
"Japan","Total reserves (gold at market value)","US dollar","Monthly","1969-M12","3656.226","Millions"
"Japan","Total reserves (gold at market value)","US dollar","Monthly","1970-M01","3775.03495","Millions"
"Japan","Total reserves (gold at market value)","US dollar","Monthly","1970-M02","3820.56306","Millions"
"Japan","Total reserves (gold at market value)","US dollar","Monthly","1970-M03","4062.9959","Millions"
"Japan","Total reserves (gold at market value)","US dollar","Monthly","1970-M04","4125.27","Millions"
"Japan","Total reserves (gold at market value)","US dollar","Monthly","1970-M05","4097.90315","Millions"
"Japan","Total reserves (gold at market value)","US dollar","Monthly","1970-M06","4091.44343","Millions"
"Japan","Total reserves (gold at market value)","US dollar","Monthly","1970-M07","3952.4595","Millions"
"Japan","Total reserves (gold at market value)","US dollar","Monthly","1970-M08","3978.6694","Millions"
"Japan","Total reserves (gold at market value)","US dollar","Monthly","1970-M09","4018.5988","Millions"
"Japan","Total reserves (gold at market value)","US dollar","Monthly","1970-M10","4252.78075","Millions"
"Japan","Total reserves (gold at market value)","US dollar","Monthly","1970-M11","4465.7811","Millions"
"Japan","Total reserves (gold at market value)","US dollar","Monthly","1970-M12","4876.11455","Millions"
"Japan","Total reserves (gold at market value)","US dollar","Monthly","1971-M01","5018.56075","Millions"
"Japan","Total reserves (gold at market value)","US dollar","Monthly","1971-M02","5366.2856","Millions"
"Japan","Total reserves (gold at market value)","US dollar","Monthly","1971-M03","5958.73444","Millions"
"Japan","Total reserves (gold at market value)","US dollar","Monthly","1971-M04","6177.6181","Millions"
"Japan","Total reserves (gold at market value)","US dollar","Monthly","1971-M05","7224.79048","Millions"
"Japan","Total reserves (gold at market value)","US dollar","Monthly","1971-M06","7894.2322","Millions"
"Japan","Total reserves (gold at market value)","US dollar","Monthly","1971-M07","8270.8736","Millions"
"Japan","Total reserves (gold at market value)","US dollar","Monthly","1971-M08","12624.70235","Millions"
"Japan","Total reserves (gold at market value)","US dollar","Monthly","1971-M09","13532.5794","Millions"
"Japan","Total reserves (gold at market value)","US dollar","Monthly","1971-M10","14242.86046","Millions"
"Japan","Total reserves (gold at market value)","US dollar","Monthly","1971-M11","15003.3384","Millions"
"Japan","Total reserves (gold at market value)","US dollar","Monthly","1971-M12","15469.15222491439","Millions"
"Japan","Total reserves (gold at market value)","US dollar","Monthly","1972-M01","16134.81040023311","Millions"
"Japan","Total reserves (gold at market value)","US dollar","Monthly","1972-M02","16685.58035023311","Millions"
"Japan","Total reserves (gold at market value)","US dollar","Monthly","1972-M03","16882.61014885806","Millions"
"Japan","Total reserves (gold at market value)","US dollar","Monthly","1972-M04","16779.65596706815","Millions"
"Japan","Total reserves (gold at market value)","US dollar","Monthly","1972-M05","16486.0548109315","Millions"
"Japan","Total reserves (gold at market value)","US dollar","Monthly","1972-M06","16406.28662107594","Millions"
"Japan","Total reserves (gold at market value)","US dollar","Monthly","1972-M07","16522.46566302772","Millions"
"Japan","Total reserves (gold at market value)","US dollar","Monthly","1972-M08","16980.36783322974","Millions"
"Japan","Total reserves (gold at market value)","US dollar","Monthly","1972-M09","17041.19222080983","Millions"
"Japan","Total reserves (gold at market value)","US dollar","Monthly","1972-M10","18352.38435422461","Millions"
"Japan","Total reserves (gold at market value)","US dollar","Monthly","1972-M11","18951.34446030151","Millions"
"Japan","Total reserves (gold at market value)","US dollar","Monthly","1972-M12","18932.68001721472","Millions"
"Japan","Total reserves (gold at market value)","US dollar","Monthly","1973-M01","18447.01132898838","Millions"
"Japan","Total reserves (gold at market value)","US dollar","Monthly","1973-M02","20037.11378543101","Millions"
"Japan","Total reserves (gold at market value)","US dollar","Monthly","1973-M03","19133.36277661597","Millions"
"Japan","Total reserves (gold at market value)","US dollar","Monthly","1973-M04","17858.86928988495","Millions"
"Japan","Total reserves (gold at market value)","US dollar","Monthly","1973-M05","17400.33734366632","Millions"
"Japan","Total reserves (gold at market value)","US dollar","Monthly","1973-M06","16909.96868584282","Millions"
"Japan","Total reserves (gold at market value)","US dollar","Monthly","1973-M07","16706.42583525465","Millions"
"Japan","Total reserves (gold at market value)","US dollar","Monthly","1973-M08","16419.73584568316","Millions"
"Japan","Total reserves (gold at market value)","US dollar","Monthly","1973-M09","16014.65916058249","Millions"
"Japan","Total reserves (gold at market value)","US dollar","Monthly","1973-M10","15226.21841843131","Millions"
"Japan","Total reserves (gold at market value)","US dollar","Monthly","1973-M11","14437.01608993559","Millions"
"Japan","Total reserves (gold at market value)","US dollar","Monthly","1973-M12","13723.92617106164","Millions"
"Japan","Total reserves (gold at market value)","US dollar","Monthly","1974-M01","13471.82097912058","Millions"
"Japan","Total reserves (gold at market value)","US dollar","Monthly","1974-M02","14438.42607954083","Millions"
"Japan","Total reserves (gold at market value)","US dollar","Monthly","1974-M03","15186.0486192718","Millions"
"Japan","Total reserves (gold at market value)","US dollar","Monthly","1974-M04","15395.14568513736","Millions"
"Japan","Total reserves (gold at market value)","US dollar","Monthly","1974-M05","15584.13611681783","Millions"
"Japan","Total reserves (gold at market value)","US dollar","Monthly","1974-M06","15582.27318027161","Millions"
"Japan","Total reserves (gold at market value)","US dollar","Monthly","1974-M07","15602.40761447949","Millions"
"Japan","Total reserves (gold at market value)","US dollar","Monthly","1974-M08","15321.43063573883","Millions"
"Japan","Total reserves (gold at market value)","US dollar","Monthly","1974-M09","15484.79013878138","Millions"
"Japan","Total reserves (gold at market value)","US dollar","Monthly","1974-M10","16093.3025540476","Millions"
"Japan","Total reserves (gold at market value)","US dollar","Monthly","1974-M11","16730.46165090645","Millions"
"Japan","Total reserves (gold at market value)","US dollar","Monthly","1974-M12","16551.24954628386","Millions"
"Japan","Total reserves (gold at market value)","US dollar","Monthly","1975-M01","16304.95331286691","Millions"
"Japan","Total reserves (gold at market value)","US dollar","Monthly","1975-M02","16873.74238478842","Millions"
"Japan","Total reserves (gold at market value)","US dollar","Monthly","1975-M03","16972.89204831623","Millions"
"Japan","Total reserves (gold at market value)","US dollar","Monthly","1975-M04","16955.91499264669","Millions"
"Japan","Total reserves (gold at market value)","US dollar","Monthly","1975-M05","17160.82800705327","Millions"
"Japan","Total reserves (gold at market value)","US dollar","Monthly","1975-M06","17200.18743540177","Millions"
"Japan","Total reserves (gold at market value)","US dollar","Monthly","1975-M07","17274.67100763825","Millions"
"Japan","Total reserves (gold at market value)","US dollar","Monthly","1975-M08","16586.49798718577","Millions"
"Japan","Total reserves (gold at market value)","US dollar","Monthly","1975-M09","15411.88046617877","Millions"
"Japan","Total reserves (gold at market value)","US dollar","Monthly","1975-M10","15332.43718032062","Millions"
"Japan","Total reserves (gold at market value)","US dollar","Monthly","1975-M11","15009.57234289119","Millions"
"Japan","Total reserves (gold at market value)","US dollar","Monthly","1975-M12","14910.8445741853","Millions"
"Japan","Total reserves (gold at market value)","US dollar","Monthly","1976-M01","14994.41902932535","Millions"
"Japan","Total reserves (gold at market value)","US dollar","Monthly","1976-M02","15880.85589241624","Millions"
"Japan","Total reserves (gold at market value)","US dollar","Monthly","1976-M03","16064.1429588936","Millions"
"Japan","Total reserves (gold at market value)","US dollar","Monthly","1976-M04","16799.51374298989","Millions"
"Japan","Total reserves (gold at market value)","US dollar","Monthly","1976-M05","17014.74366672655","Millions"
"Japan","Total reserves (gold at market value)","US dollar","Monthly","1976-M06","17163.80237077279","Millions"
"Japan","Total reserves (gold at market value)","US dollar","Monthly","1976-M07","17467.15855887297","Millions"
"Japan","Total reserves (gold at market value)","US dollar","Monthly","1976-M08","17635.67481058743","Millions"
"Japan","Total reserves (gold at market value)","US dollar","Monthly","1976-M09","18082.22644912765","Millions"
"Japan","Total reserves (gold at market value)","US dollar","Monthly","1976-M10","18324.43890338166","Millions"
"Japan","Total reserves (gold at market value)","US dollar","Monthly","1976-M11","18625.64987303694","Millions"
"Japan","Total reserves (gold at market value)","US dollar","Monthly","1976-M12","18590.78644072404","Millions"
"Japan","Total reserves (gold at market value)","US dollar","Monthly","1977-M01","18624.1963948636","Millions"
"Japan","Total reserves (gold at market value)","US dollar","Monthly","1977-M02","19237.26239668733","Millions"
"Japan","Total reserves (gold at market value)","US dollar","Monthly","1977-M03","19541.19811294836","Millions"
"Japan","Total reserves (gold at market value)","US dollar","Monthly","1977-M04","19827.30018347784","Millions"
"Japan","Total reserves (gold at market value)","US dollar","Monthly","1977-M05","19757.40098457576","Millions"
"Japan","Total reserves (gold at market value)","US dollar","Monthly","1977-M06","19893.89040586096","Millions"
"Japan","Total reserves (gold at market value)","US dollar","Monthly","1977-M07","20165.60944388525","Millions"
"Japan","Total reserves (gold at market value)","US dollar","Monthly","1977-M08","20411.79992898974","Millions"
"Japan","Total reserves (gold at market value)","US dollar","Monthly","1977-M09","20684.41948663012","Millions"
"Japan","Total reserves (gold at market value)","US dollar","Monthly","1977-M10","22545.01719684189","Millions"
"Japan","Total reserves (gold at market value)","US dollar","Monthly","1977-M11","25085.53255946769","Millions"
"Japan","Total reserves (gold at market value)","US dollar","Monthly","1977-M12","25907.71876758085","Millions"
"Japan","Total reserves (gold at market value)","US dollar","Monthly","1978-M01","26668.08331612608","Millions"
"Japan","Total reserves (gold at market value)","US dollar","Monthly","1978-M02","27615.39666596771","Millions"
"Japan","Total reserves (gold at market value)","US dollar","Monthly","1978-M03","32907.74468016198","Millions"
"Japan","Total reserves (gold at market value)","US dollar","Monthly","1978-M04","30980.87272060172","Millions"
"Japan","Total reserves (gold at market value)","US dollar","Monthly","1978-M05","31477.79775878002","Millions"
"Japan","Total reserves (gold at market value)","US dollar","Monthly","1978-M06","31062.91348724753","Millions"
"Japan","Total reserves (gold at market value)","US dollar","Monthly","1978-M07","33477.24111982938","Millions"
"Japan","Total reserves (gold at market value)","US dollar","Monthly","1978-M08","33508.75695823844","Millions"
"Japan","Total reserves (gold at market value)","US dollar","Monthly","1978-M09","33739.75086099704","Millions"
"Japan","Total reserves (gold at market value)","US dollar","Monthly","1978-M10","34264.59076473143","Millions"
"Japan","Total reserves (gold at market value)","US dollar","Monthly","1978-M11","36260.51251328207","Millions"
"Japan","Total reserves (gold at market value)","US dollar","Monthly","1978-M12","37824.76029969015","Millions"
"Japan","Total reserves (gold at market value)","US dollar","Monthly","1979-M01","38106.67302999672","Millions"
"Japan","Total reserves (gold at market value)","US dollar","Monthly","1979-M02","38105.24690237083","Millions"
"Japan","Total reserves (gold at market value)","US dollar","Monthly","1979-M03","33963.41318212359","Millions"
"Japan","Total reserves (gold at market value)","US dollar","Monthly","1979-M04","31192.02786716257","Millions"
"Japan","Total reserves (gold at market value)","US dollar","Monthly","1979-M05","29956.54759783242","Millions"
"Japan","Total reserves (gold at market value)","US dollar","Monthly","1979-M06","30810.40396300353","Millions"
"Japan","Total reserves (gold at market value)","US dollar","Monthly","1979-M07","31393.9610607748","Millions"
"Japan","Total reserves (gold at market value)","US dollar","Monthly","1979-M08","31937.05755284822","Millions"
"Japan","Total reserves (gold at market value)","US dollar","Monthly","1979-M09","34064.01973098784","Millions"
"Japan","Total reserves (gold at market value)","US dollar","Monthly","1979-M10","31655.19738856088","Millions"
"Japan","Total reserves (gold at market value)","US dollar","Monthly","1979-M11","29341.5700209411","Millions"
"Japan","Total reserves (gold at market value)","US dollar","Monthly","1979-M12","31926.24777122283","Millions"
"Japan","Total reserves (gold at market value)","US dollar","Monthly","1980-M01","36030.8572003204","Millions"
"Japan","Total reserves (gold at market value)","US dollar","Monthly","1980-M02","35432.97473513475","Millions"
"Japan","Total reserves (gold at market value)","US dollar","Monthly","1980-M03","29782.9219228303","Millions"
"Japan","Total reserves (gold at market value)","US dollar","Monthly","1980-M04","30796.44880665675","Millions"
"Japan","Total reserves (gold at market value)","US dollar","Monthly","1980-M05","33624.98289312862","Millions"
"Japan","Total reserves (gold at market value)","US dollar","Monthly","1980-M06","37775.73734391496","Millions"
"Japan","Total reserves (gold at market value)","US dollar","Monthly","1980-M07","36982.18912325462","Millions"
"Japan","Total reserves (gold at market value)","US dollar","Monthly","1980-M08","37647.66655375751","Millions"
"Japan","Total reserves (gold at market value)","US dollar","Monthly","1980-M09","39228.47910947404","Millions"
"Japan","Total reserves (gold at market value)","US dollar","Monthly","1980-M10","39294.36358317965","Millions"
"Japan","Total reserves (gold at market value)","US dollar","Monthly","1980-M11","39323.60559452637","Millions"
"Japan","Total reserves (gold at market value)","US dollar","Monthly","1980-M12","38918.85364008676","Millions"
"Japan","Total reserves (gold at market value)","US dollar","Monthly","1981-M01","38192.32452099596","Millions"
"Japan","Total reserves (gold at market value)","US dollar","Monthly","1981-M02","38017.56245844816","Millions"
"Japan","Total reserves (gold at market value)","US dollar","Monthly","1981-M03","38949.94529623992","Millions"
"Japan","Total reserves (gold at market value)","US dollar","Monthly","1981-M04","38622.23166045855","Millions"
"Japan","Total reserves (gold at market value)","US dollar","Monthly","1981-M05","38893.75569991741","Millions"
"Japan","Total reserves (gold at market value)","US dollar","Monthly","1981-M06","37785.11395680561","Millions"
"Japan","Total reserves (gold at market value)","US dollar","Monthly","1981-M07","36984.4919665134","Millions"
"Japan","Total reserves (gold at market value)","US dollar","Monthly","1981-M08","37589.12385644044","Millions"
"Japan","Total reserves (gold at market value)","US dollar","Monthly","1981-M09","38022.1912762282","Millions"
"Japan","Total reserves (gold at market value)","US dollar","Monthly","1981-M10","38444.94373293434","Millions"
"Japan","Total reserves (gold at market value)","US dollar","Monthly","1981-M11","38623.75869096406","Millions"
"Japan","Total reserves (gold at market value)","US dollar","Monthly","1981-M12","37839.0217377978","Millions"
"Japan","Total reserves (gold at market value)","US dollar","Monthly","1982-M01","37429.44803087603","Millions"
"Japan","Total reserves (gold at market value)","US dollar","Monthly","1982-M02","36718.96486337337","Millions"
"Japan","Total reserves (gold at market value)","US dollar","Monthly","1982-M03","34870.14797440107","Millions"
"Japan","Total reserves (gold at market value)","US dollar","Monthly","1982-M04","35597.51504978484","Millions"
"Japan","Total reserves (gold at market value)","US dollar","Monthly","1982-M05","34461.01810706458","Millions"
"Japan","Total reserves (gold at market value)","US dollar","Monthly","1982-M06","33123.22448740078","Millions"
"Japan","Total reserves (gold at market value)","US dollar","Monthly","1982-M07","33921.539856979","Millions"
"Japan","Total reserves (gold at market value)","US dollar","Monthly","1982-M08","34384.83774740929","Millions"
"Japan","Total reserves (gold at market value)","US dollar","Monthly","1982-M09","33627.07711902555","Millions"
"Japan","Total reserves (gold at market value)","US dollar","Monthly","1982-M10","33114.14461044794","Millions"
"Japan","Total reserves (gold at market value)","US dollar","Monthly","1982-M11","33559.20367626966","Millions"
"Japan","Total reserves (gold at market value)","US dollar","Monthly","1982-M12","34403.72265652313","Millions"
"Japan","Total reserves (gold at market value)","US dollar","Monthly","1983-M01","35625.71611514585","Millions"
"Japan","Total reserves (gold at market value)","US dollar","Monthly","1983-M02","33826.8220024747","Millions"
"Japan","Total reserves (gold at market value)","US dollar","Monthly","1983-M03","34237.19119625049","Millions"
"Japan","Total reserves (gold at market value)","US dollar","Monthly","1983-M04","34954.36952954196","Millions"
"Japan","Total reserves (gold at market value)","US dollar","Monthly","1983-M05","35486.46390074292","Millions"
"Japan","Total reserves (gold at market value)","US dollar","Monthly","1983-M06","35151.30858654314","Millions"
"Japan","Total reserves (gold at market value)","US dollar","Monthly","1983-M07","35449.98684200112","Millions"
"Japan","Total reserves (gold at market value)","US dollar","Monthly","1983-M08","34711.08577017904","Millions"
"Japan","Total reserves (gold at market value)","US dollar","Monthly","1983-M09","34772.02598918501","Millions"
"Japan","Total reserves (gold at market value)","US dollar","Monthly","1983-M10","34239.98735116104","Millions"
"Japan","Total reserves (gold at market value)","US dollar","Monthly","1983-M11","34624.15271711538","Millions"
"Japan","Total reserves (gold at market value)","US dollar","Monthly","1983-M12","33844.57085874744","Millions"
"Japan","Total reserves (gold at market value)","US dollar","Monthly","1984-M01","33828.8788214456","Millions"
"Japan","Total reserves (gold at market value)","US dollar","Monthly","1984-M02","34660.14764462381","Millions"
"Japan","Total reserves (gold at market value)","US dollar","Monthly","1984-M03","34646.1696391779","Millions"
"Japan","Total reserves (gold at market value)","US dollar","Monthly","1984-M04","34530.6395771722","Millions"
"Japan","Total reserves (gold at market value)","US dollar","Monthly","1984-M05","34795.36834428872","Millions"
"Japan","Total reserves (gold at market value)","US dollar","Monthly","1984-M06","34347.53994806721","Millions"
"Japan","Total reserves (gold at market value)","US dollar","Monthly","1984-M07","33517.69697595162","Millions"
"Japan","Total reserves (gold at market value)","US dollar","Monthly","1984-M08","33952.98765165904","Millions"
"Japan","Total reserves (gold at market value)","US dollar","Monthly","1984-M09","33923.27947992818","Millions"
"Japan","Total reserves (gold at market value)","US dollar","Monthly","1984-M10","33930.5978118975","Millions"
"Japan","Total reserves (gold at market value)","US dollar","Monthly","1984-M11","34203.98268223039","Millions"
"Japan","Total reserves (gold at market value)","US dollar","Monthly","1984-M12","33898.63572335651","Millions"
"Japan","Total reserves (gold at market value)","US dollar","Monthly","1985-M01","34108.55637668513","Millions"
"Japan","Total reserves (gold at market value)","US dollar","Monthly","1985-M02","33355.49727502962","Millions"
"Japan","Total reserves (gold at market value)","US dollar","Monthly","1985-M03","34664.7165201218","Millions"
"Japan","Total reserves (gold at market value)","US dollar","Monthly","1985-M04","34773.54718134585","Millions"
"Japan","Total reserves (gold at market value)","US dollar","Monthly","1985-M05","35039.08839572215","Millions"
"Japan","Total reserves (gold at market value)","US dollar","Monthly","1985-M06","35329.45742246224","Millions"
"Japan","Total reserves (gold at market value)","US dollar","Monthly","1985-M07","36101.46411423864","Millions"
"Japan","Total reserves (gold at market value)","US dollar","Monthly","1985-M08","36652.89009225084","Millions"
"Japan","Total reserves (gold at market value)","US dollar","Monthly","1985-M09","35521.28021493011","Millions"
"Japan","Total reserves (gold at market value)","US dollar","Monthly","1985-M10","34334.93112831862","Millions"
"Japan","Total reserves (gold at market value)","US dollar","Monthly","1985-M11","34343.27722729068","Millions"
"Japan","Total reserves (gold at market value)","US dollar","Monthly","1985-M12","34641.19118932896","Millions"
"Japan","Total reserves (gold at market value)","US dollar","Monthly","1986-M01","35664.65405280043","Millions"
"Japan","Total reserves (gold at market value)","US dollar","Monthly","1986-M02","35992.56664811532","Millions"
"Japan","Total reserves (gold at market value)","US dollar","Monthly","1986-M03","36429.9784122882","Millions"
"Japan","Total reserves (gold at market value)","US dollar","Monthly","1986-M04","39667.80806553681","Millions"
"Japan","Total reserves (gold at market value)","US dollar","Monthly","1986-M05","40959.52694041037","Millions"
"Japan","Total reserves (gold at market value)","US dollar","Monthly","1986-M06","42435.39542868614","Millions"
"Japan","Total reserves (gold at market value)","US dollar","Monthly","1986-M07","47122.88607277866","Millions"
"Japan","Total reserves (gold at market value)","US dollar","Monthly","1986-M08","50628.46804546034","Millions"
"Japan","Total reserves (gold at market value)","US dollar","Monthly","1986-M09","51789.46396119542","Millions"
"Japan","Total reserves (gold at market value)","US dollar","Monthly","1986-M10","51437.94185713367","Millions"
"Japan","Total reserves (gold at market value)","US dollar","Monthly","1986-M11","51470.45042854005","Millions"
"Japan","Total reserves (gold at market value)","US dollar","Monthly","1986-M12","51727.34093992066","Millions"
"Japan","Total reserves (gold at market value)","US dollar","Monthly","1987-M01","61180.77834962355","Millions"
"Japan","Total reserves (gold at market value)","US dollar","Monthly","1987-M02","61542.26616546448","Millions"
"Japan","Total reserves (gold at market value)","US dollar","Monthly","1987-M03","68480.93766006345","Millions"
"Japan","Total reserves (gold at market value)","US dollar","Monthly","1987-M04","79483.71538787963","Millions"
"Japan","Total reserves (gold at market value)","US dollar","Monthly","1987-M05","79718.57938047792","Millions"
"Japan","Total reserves (gold at market value)","US dollar","Monthly","1987-M06","79872.02987575881","Millions"
"Japan","Total reserves (gold at market value)","US dollar","Monthly","1987-M07","80734.78106457503","Millions"
"Japan","Total reserves (gold at market value)","US dollar","Monthly","1987-M08","81378.83018741833","Millions"
"Japan","Total reserves (gold at market value)","US dollar","Monthly","1987-M09","82915.1275189008","Millions"
"Japan","Total reserves (gold at market value)","US dollar","Monthly","1987-M10","84022.36901767637","Millions"
"Japan","Total reserves (gold at market value)","US dollar","Monthly","1987-M11","89567.493345901","Millions"
"Japan","Total reserves (gold at market value)","US dollar","Monthly","1987-M12","92701.64456596004","Millions"
"Japan","Total reserves (gold at market value)","US dollar","Monthly","1988-M01","94011.92033216654","Millions"
"Japan","Total reserves (gold at market value)","US dollar","Monthly","1988-M02","93618.98980127172","Millions"
"Japan","Total reserves (gold at market value)","US dollar","Monthly","1988-M03","95322.35429498184","Millions"
"Japan","Total reserves (gold at market value)","US dollar","Monthly","1988-M04","97039.17269683205","Millions"
"Japan","Total reserves (gold at market value)","US dollar","Monthly","1988-M05","97570.45038246051","Millions"
"Japan","Total reserves (gold at market value)","US dollar","Monthly","1988-M06","97467.5402099775","Millions"
"Japan","Total reserves (gold at market value)","US dollar","Monthly","1988-M07","98665.18157678046","Millions"
"Japan","Total reserves (gold at market value)","US dollar","Monthly","1988-M08","99767.40358711061","Millions"
"Japan","Total reserves (gold at market value)","US dollar","Monthly","1988-M09","99895.48968910776","Millions"
"Japan","Total reserves (gold at market value)","US dollar","Monthly","1988-M10","101579.9192213443","Millions"
"Japan","Total reserves (gold at market value)","US dollar","Monthly","1988-M11","106492.2267202376","Millions"
"Japan","Total reserves (gold at market value)","US dollar","Monthly","1988-M12","106667.6965977776","Millions"
"Japan","Total reserves (gold at market value)","US dollar","Monthly","1989-M01","106808.7683173032","Millions"
"Japan","Total reserves (gold at market value)","US dollar","Monthly","1989-M02","107236.3648318201","Millions"
"Japan","Total reserves (gold at market value)","US dollar","Monthly","1989-M03","107689.1911633475","Millions"
"Japan","Total reserves (gold at market value)","US dollar","Monthly","1989-M04","108556.5102355494","Millions"
"Japan","Total reserves (gold at market value)","US dollar","Monthly","1989-M05","103567.5665431024","Millions"
"Japan","Total reserves (gold at market value)","US dollar","Monthly","1989-M06","97571.59112120431","Millions"
"Japan","Total reserves (gold at market value)","US dollar","Monthly","1989-M07","96825.57641725167","Millions"
"Japan","Total reserves (gold at market value)","US dollar","Monthly","1989-M08","96130.495659893","Millions"
"Japan","Total reserves (gold at market value)","US dollar","Monthly","1989-M09","94009.26155868804","Millions"
"Japan","Total reserves (gold at market value)","US dollar","Monthly","1989-M10","92396.70225116061","Millions"
"Japan","Total reserves (gold at market value)","US dollar","Monthly","1989-M11","93647.96205643249","Millions"
"Japan","Total reserves (gold at market value)","US dollar","Monthly","1989-M12","93672.79206733367","Millions"
"Japan","Total reserves (gold at market value)","US dollar","Monthly","1990-M01","91823.74202885264","Millions"
"Japan","Total reserves (gold at market value)","US dollar","Monthly","1990-M02","90306.31056108974","Millions"
"Japan","Total reserves (gold at market value)","US dollar","Monthly","1990-M03","82462.58484850927","Millions"
"Japan","Total reserves (gold at market value)","US dollar","Monthly","1990-M04","82220.57349563185","Millions"
"Japan","Total reserves (gold at market value)","US dollar","Monthly","1990-M05","82626.83717971082","Millions"
"Japan","Total reserves (gold at market value)","US dollar","Monthly","1990-M06","82678.72712244455","Millions"
"Japan","Total reserves (gold at market value)","US dollar","Monthly","1990-M07","84341.36118497285","Millions"
"Japan","Total reserves (gold at market value)","US dollar","Monthly","1990-M08","85474.17468955189","Millions"
"Japan","Total reserves (gold at market value)","US dollar","Monthly","1990-M09","86194.03796155602","Millions"
"Japan","Total reserves (gold at market value)","US dollar","Monthly","1990-M10","86416.23264032353","Millions"
"Japan","Total reserves (gold at market value)","US dollar","Monthly","1990-M11","87055.12614284469","Millions"
"Japan","Total reserves (gold at market value)","US dollar","Monthly","1990-M12","87828.34474800102","Millions"
