"COUNTRY","INDEX_TYPE","COICOP_1999","TYPE_OF_TRANSFORMATION","FREQUENCY","TIME_PERIOD","OBS_VALUE","SCALE"
"Japan","Consumer price index (CPI)","All Items","Index","Monthly","1959-M12","17.5632767253886","Units"
"Japan","Consumer price index (CPI)","All Items","Index","Monthly","1960-M01","17.77921442487047","Units"
"Japan","Consumer price index (CPI)","All Items","Index","Monthly","1960-M02","17.79721168911917","Units"
"Japan","Consumer price index (CPI)","All Items","Index","Monthly","1960-M03","17.74321989637306","Units"
"Japan","Consumer price index (CPI)","All Items","Index","Monthly","1960-M04","17.85119365803109","Units"
"Japan","Consumer price index (CPI)","All Items","Index","Monthly","1960-M05","18.01314938860104","Units"
"Japan","Consumer price index (CPI)","All Items","Index","Monthly","1960-M06","17.94117015544042","Units"
"Japan","Consumer price index (CPI)","All Items","Index","Monthly","1960-M07","17.92317289119171","Units"
"Japan","Consumer price index (CPI)","All Items","Index","Monthly","1960-M08","18.06713135751295","Units"
"Japan","Consumer price index (CPI)","All Items","Index","Monthly","1960-M09","18.21109964766839","Units"
"Japan","Consumer price index (CPI)","All Items","Index","Monthly","1960-M10","18.30107614507772","Units"
"Japan","Consumer price index (CPI)","All Items","Index","Monthly","1960-M11","18.04914391709845","Units"
"Japan","Consumer price index (CPI)","All Items","Index","Monthly","1960-M12","18.19310238341969","Units"
"Japan","Consumer price index (CPI)","All Items","Index","Monthly","1961-M01","18.44503461139896","Units"
"Japan","Consumer price index (CPI)","All Items","Index","Monthly","1961-M02","18.53501110880829","Units"
"Japan","Consumer price index (CPI)","All Items","Index","Monthly","1961-M03","18.49901658031088","Units"
"Japan","Consumer price index (CPI)","All Items","Index","Monthly","1961-M04","18.67896957512953","Units"
"Japan","Consumer price index (CPI)","All Items","Index","Monthly","1961-M05","18.58899307772021","Units"
"Japan","Consumer price index (CPI)","All Items","Index","Monthly","1961-M06","18.58899307772021","Units"
"Japan","Consumer price index (CPI)","All Items","Index","Monthly","1961-M07","18.8949170984456","Units"
"Japan","Consumer price index (CPI)","All Items","Index","Monthly","1961-M08","19.03887556476684","Units"
"Japan","Consumer price index (CPI)","All Items","Index","Monthly","1961-M09","19.14684932642487","Units"
"Japan","Consumer price index (CPI)","All Items","Index","Monthly","1961-M10","19.56073728497409","Units"
"Japan","Consumer price index (CPI)","All Items","Index","Monthly","1961-M11","19.65071378238342","Units"
"Japan","Consumer price index (CPI)","All Items","Index","Monthly","1961-M12","19.83066677720207","Units"
"Japan","Consumer price index (CPI)","All Items","Index","Monthly","1962-M01","19.95662797927461","Units"
"Japan","Consumer price index (CPI)","All Items","Index","Monthly","1962-M02","19.88464874611399","Units"
"Japan","Consumer price index (CPI)","All Items","Index","Monthly","1962-M03","19.9206334507772","Units"
"Japan","Consumer price index (CPI)","All Items","Index","Monthly","1962-M04","20.13658097409326","Units"
"Japan","Consumer price index (CPI)","All Items","Index","Monthly","1962-M05","20.2445547357513","Units"
"Japan","Consumer price index (CPI)","All Items","Index","Monthly","1962-M06","20.17256567875648","Units"
"Japan","Consumer price index (CPI)","All Items","Index","Monthly","1962-M07","20.37051593782383","Units"
"Japan","Consumer price index (CPI)","All Items","Index","Monthly","1962-M08","20.37051593782383","Units"
"Japan","Consumer price index (CPI)","All Items","Index","Monthly","1962-M09","20.29853670466321","Units"
"Japan","Consumer price index (CPI)","All Items","Index","Monthly","1962-M10","20.46049243523316","Units"
"Japan","Consumer price index (CPI)","All Items","Index","Monthly","1962-M11","20.38851320207254","Units"
"Japan","Consumer price index (CPI)","All Items","Index","Monthly","1962-M12","20.80240116062176","Units"
"Japan","Consumer price index (CPI)","All Items","Index","Monthly","1963-M01","21.14430988601036","Units"
"Japan","Consumer price index (CPI)","All Items","Index","Monthly","1963-M02","21.23998420725389","Units"
"Japan","Consumer price index (CPI)","All Items","Index","Monthly","1963-M03","21.33565852849741","Units"
"Japan","Consumer price index (CPI)","All Items","Index","Monthly","1963-M04","21.43133284974093","Units"
"Japan","Consumer price index (CPI)","All Items","Index","Monthly","1963-M05","21.59877027979275","Units"
"Japan","Consumer price index (CPI)","All Items","Index","Monthly","1963-M06","21.76619788601036","Units"
"Japan","Consumer price index (CPI)","All Items","Index","Monthly","1963-M07","21.62269131606218","Units"
"Japan","Consumer price index (CPI)","All Items","Index","Monthly","1963-M08","21.55092820725389","Units"
"Japan","Consumer price index (CPI)","All Items","Index","Monthly","1963-M09","21.98146756476684","Units"
"Japan","Consumer price index (CPI)","All Items","Index","Monthly","1963-M10","21.90971427979275","Units"
"Japan","Consumer price index (CPI)","All Items","Index","Monthly","1963-M11","21.81403995854922","Units"
"Japan","Consumer price index (CPI)","All Items","Index","Monthly","1963-M12","21.90971427979275","Units"
"Japan","Consumer price index (CPI)","All Items","Index","Monthly","1964-M01","21.93363531606218","Units"
"Japan","Consumer price index (CPI)","All Items","Index","Monthly","1964-M02","21.90971427979275","Units"
"Japan","Consumer price index (CPI)","All Items","Index","Monthly","1964-M03","22.00538860103627","Units"
"Japan","Consumer price index (CPI)","All Items","Index","Monthly","1964-M04","22.26850035233161","Units"
"Japan","Consumer price index (CPI)","All Items","Index","Monthly","1964-M05","22.36417467357513","Units"
"Japan","Consumer price index (CPI)","All Items","Index","Monthly","1964-M06","22.31633260103627","Units"
"Japan","Consumer price index (CPI)","All Items","Index","Monthly","1964-M07","22.19673724352332","Units"
"Japan","Consumer price index (CPI)","All Items","Index","Monthly","1964-M08","22.43592795854922","Units"
"Japan","Consumer price index (CPI)","All Items","Index","Monthly","1964-M09","22.72295092227979","Units"
"Japan","Consumer price index (CPI)","All Items","Index","Monthly","1964-M10","23.12957906735751","Units"
"Japan","Consumer price index (CPI)","All Items","Index","Monthly","1964-M11","22.93823042487047","Units"
"Japan","Consumer price index (CPI)","All Items","Index","Monthly","1964-M12","22.93823042487047","Units"
"Japan","Consumer price index (CPI)","All Items","Index","Monthly","1965-M01","23.44052306735751","Units"
"Japan","Consumer price index (CPI)","All Items","Index","Monthly","1965-M02","23.39268099481865","Units"
"Japan","Consumer price index (CPI)","All Items","Index","Monthly","1965-M03","23.53619738860104","Units"
"Japan","Consumer price index (CPI)","All Items","Index","Monthly","1965-M04","24.03849003108808","Units"
"Japan","Consumer price index (CPI)","All Items","Index","Monthly","1965-M05","23.8949834611399","Units"
"Japan","Consumer price index (CPI)","All Items","Index","Monthly","1965-M06","23.84714138860104","Units"
"Japan","Consumer price index (CPI)","All Items","Index","Monthly","1965-M07","23.72754603108808","Units"
"Japan","Consumer price index (CPI)","All Items","Index","Monthly","1965-M08","23.84714138860104","Units"
"Japan","Consumer price index (CPI)","All Items","Index","Monthly","1965-M09","24.18200642487047","Units"
"Japan","Consumer price index (CPI)","All Items","Index","Monthly","1965-M10","24.49295042487047","Units"
"Japan","Consumer price index (CPI)","All Items","Index","Monthly","1965-M11","24.25376953367876","Units"
"Japan","Consumer price index (CPI)","All Items","Index","Monthly","1965-M12","24.42119713989637","Units"
"Japan","Consumer price index (CPI)","All Items","Index","Monthly","1966-M01","24.66038785492228","Units"
"Japan","Consumer price index (CPI)","All Items","Index","Monthly","1966-M02","24.85173649740933","Units"
"Japan","Consumer price index (CPI)","All Items","Index","Monthly","1966-M03","24.94741081865285","Units"
"Japan","Consumer price index (CPI)","All Items","Index","Monthly","1966-M04","25.23444360621762","Units"
"Japan","Consumer price index (CPI)","All Items","Index","Monthly","1966-M05","25.0670061761658","Units"
"Japan","Consumer price index (CPI)","All Items","Index","Monthly","1966-M06","25.11484824870466","Units"
"Japan","Consumer price index (CPI)","All Items","Index","Monthly","1966-M07","25.18660153367876","Units"
"Japan","Consumer price index (CPI)","All Items","Index","Monthly","1966-M08","24.99525289119171","Units"
"Japan","Consumer price index (CPI)","All Items","Index","Monthly","1966-M09","25.28227585492228","Units"
"Japan","Consumer price index (CPI)","All Items","Index","Monthly","1966-M10","25.44971328497409","Units"
"Japan","Consumer price index (CPI)","All Items","Index","Monthly","1966-M11","25.25835481865285","Units"
"Japan","Consumer price index (CPI)","All Items","Index","Monthly","1966-M12","25.49754553367876","Units"
"Japan","Consumer price index (CPI)","All Items","Index","Monthly","1967-M01","25.78457832124352","Units"
"Japan","Consumer price index (CPI)","All Items","Index","Monthly","1967-M02","25.90417367875648","Units"
"Japan","Consumer price index (CPI)","All Items","Index","Monthly","1967-M03","25.95200592746114","Units"
"Japan","Consumer price index (CPI)","All Items","Index","Monthly","1967-M04","26.02375921243523","Units"
"Japan","Consumer price index (CPI)","All Items","Index","Monthly","1967-M05","25.85633160621762","Units"
"Japan","Consumer price index (CPI)","All Items","Index","Monthly","1967-M06","25.71281521243523","Units"
"Japan","Consumer price index (CPI)","All Items","Index","Monthly","1967-M07","25.6888941761658","Units"
"Japan","Consumer price index (CPI)","All Items","Index","Monthly","1967-M08","25.90417367875648","Units"
"Japan","Consumer price index (CPI)","All Items","Index","Monthly","1967-M09","26.310792","Units"
"Japan","Consumer price index (CPI)","All Items","Index","Monthly","1967-M10","26.76525239378238","Units"
"Japan","Consumer price index (CPI)","All Items","Index","Monthly","1967-M11","26.74133135751295","Units"
"Japan","Consumer price index (CPI)","All Items","Index","Monthly","1967-M12","26.93268","Units"
"Japan","Consumer price index (CPI)","All Items","Index","Monthly","1968-M01","27.14794967875648","Units"
"Japan","Consumer price index (CPI)","All Items","Index","Monthly","1968-M02","27.26754503626943","Units"
"Japan","Consumer price index (CPI)","All Items","Index","Monthly","1968-M03","27.31538710880829","Units"
"Japan","Consumer price index (CPI)","All Items","Index","Monthly","1968-M04","27.38714039378238","Units"
"Japan","Consumer price index (CPI)","All Items","Index","Monthly","1968-M05","27.38714039378238","Units"
"Japan","Consumer price index (CPI)","All Items","Index","Monthly","1968-M06","27.14794967875648","Units"
"Japan","Consumer price index (CPI)","All Items","Index","Monthly","1968-M07","27.14794967875648","Units"
"Japan","Consumer price index (CPI)","All Items","Index","Monthly","1968-M08","27.38714039378238","Units"
"Japan","Consumer price index (CPI)","All Items","Index","Monthly","1968-M09","28.00902839378238","Units"
"Japan","Consumer price index (CPI)","All Items","Index","Monthly","1968-M10","28.03294943005181","Units"
"Japan","Consumer price index (CPI)","All Items","Index","Monthly","1968-M11","28.1047125388601","Units"
"Japan","Consumer price index (CPI)","All Items","Index","Monthly","1968-M12","27.98511718134715","Units"
"Japan","Consumer price index (CPI)","All Items","Index","Monthly","1969-M01","28.08079150259067","Units"
"Japan","Consumer price index (CPI)","All Items","Index","Monthly","1969-M02","28.08079150259067","Units"
"Japan","Consumer price index (CPI)","All Items","Index","Monthly","1969-M03","28.36781446632124","Units"
"Japan","Consumer price index (CPI)","All Items","Index","Monthly","1969-M04","28.65484725388601","Units"
"Japan","Consumer price index (CPI)","All Items","Index","Monthly","1969-M05","28.67875846632124","Units"
"Japan","Consumer price index (CPI)","All Items","Index","Monthly","1969-M06","28.7266005388601","Units"
"Japan","Consumer price index (CPI)","All Items","Index","Monthly","1969-M07","29.08538661139896","Units"
"Japan","Consumer price index (CPI)","All Items","Index","Monthly","1969-M08","29.3484885388601","Units"
"Japan","Consumer price index (CPI)","All Items","Index","Monthly","1969-M09","29.56375821761658","Units"
"Japan","Consumer price index (CPI)","All Items","Index","Monthly","1969-M10","29.70727461139896","Units"
"Japan","Consumer price index (CPI)","All Items","Index","Monthly","1969-M11","29.58767925388601","Units"
"Japan","Consumer price index (CPI)","All Items","Index","Monthly","1969-M12","29.77902789637306","Units"
"Japan","Consumer price index (CPI)","All Items","Index","Monthly","1970-M01","30.25740932642487","Units"
"Japan","Consumer price index (CPI)","All Items","Index","Monthly","1970-M02","30.35564766839378","Units"
"Japan","Consumer price index (CPI)","All Items","Index","Monthly","1970-M03","30.65036269430052","Units"
"Japan","Consumer price index (CPI)","All Items","Index","Monthly","1970-M04","30.94507772020725","Units"
"Japan","Consumer price index (CPI)","All Items","Index","Monthly","1970-M05","30.74860103626943","Units"
"Japan","Consumer price index (CPI)","All Items","Index","Monthly","1970-M06","30.74860103626943","Units"
"Japan","Consumer price index (CPI)","All Items","Index","Monthly","1970-M07","30.74860103626943","Units"
"Japan","Consumer price index (CPI)","All Items","Index","Monthly","1970-M08","30.65036269430052","Units"
"Japan","Consumer price index (CPI)","All Items","Index","Monthly","1970-M09","31.23979274611399","Units"
"Japan","Consumer price index (CPI)","All Items","Index","Monthly","1970-M10","31.73098445595855","Units"
"Japan","Consumer price index (CPI)","All Items","Index","Monthly","1970-M11","31.73098445595855","Units"
"Japan","Consumer price index (CPI)","All Items","Index","Monthly","1970-M12","31.92746113989637","Units"
"Japan","Consumer price index (CPI)","All Items","Index","Monthly","1971-M01","32.22217616580311","Units"
"Japan","Consumer price index (CPI)","All Items","Index","Monthly","1971-M02","32.22217616580311","Units"
"Japan","Consumer price index (CPI)","All Items","Index","Monthly","1971-M03","32.32041450777202","Units"
"Japan","Consumer price index (CPI)","All Items","Index","Monthly","1971-M04","32.71336787564767","Units"
"Japan","Consumer price index (CPI)","All Items","Index","Monthly","1971-M05","32.81160621761658","Units"
"Japan","Consumer price index (CPI)","All Items","Index","Monthly","1971-M06","32.90984455958549","Units"
"Japan","Consumer price index (CPI)","All Items","Index","Monthly","1971-M07","32.90984455958549","Units"
"Japan","Consumer price index (CPI)","All Items","Index","Monthly","1971-M08","32.90984455958549","Units"
"Japan","Consumer price index (CPI)","All Items","Index","Monthly","1971-M09","33.69575129533679","Units"
"Japan","Consumer price index (CPI)","All Items","Index","Monthly","1971-M10","33.7939896373057","Units"
"Japan","Consumer price index (CPI)","All Items","Index","Monthly","1971-M11","33.49927461139896","Units"
"Japan","Consumer price index (CPI)","All Items","Index","Monthly","1971-M12","33.49927461139896","Units"
"Japan","Consumer price index (CPI)","All Items","Index","Monthly","1972-M01","33.49927461139896","Units"
"Japan","Consumer price index (CPI)","All Items","Index","Monthly","1972-M02","33.69575129533679","Units"
"Japan","Consumer price index (CPI)","All Items","Index","Monthly","1972-M03","33.99046632124352","Units"
"Japan","Consumer price index (CPI)","All Items","Index","Monthly","1972-M04","34.38341968911917","Units"
"Japan","Consumer price index (CPI)","All Items","Index","Monthly","1972-M05","34.48165803108808","Units"
"Japan","Consumer price index (CPI)","All Items","Index","Monthly","1972-M06","34.579896373057","Units"
"Japan","Consumer price index (CPI)","All Items","Index","Monthly","1972-M07","34.579896373057","Units"
"Japan","Consumer price index (CPI)","All Items","Index","Monthly","1972-M08","34.77637305699482","Units"
"Japan","Consumer price index (CPI)","All Items","Index","Monthly","1972-M09","34.97284974093264","Units"
"Japan","Consumer price index (CPI)","All Items","Index","Monthly","1972-M10","35.16932642487047","Units"
"Japan","Consumer price index (CPI)","All Items","Index","Monthly","1972-M11","35.16932642487047","Units"
"Japan","Consumer price index (CPI)","All Items","Index","Monthly","1972-M12","35.36580310880829","Units"
"Japan","Consumer price index (CPI)","All Items","Index","Monthly","1973-M01","35.75875647668394","Units"
"Japan","Consumer price index (CPI)","All Items","Index","Monthly","1973-M02","36.05347150259067","Units"
"Japan","Consumer price index (CPI)","All Items","Index","Monthly","1973-M03","36.93761658031088","Units"
"Japan","Consumer price index (CPI)","All Items","Index","Monthly","1973-M04","37.52704663212435","Units"
"Japan","Consumer price index (CPI)","All Items","Index","Monthly","1973-M05","38.21471502590674","Units"
"Japan","Consumer price index (CPI)","All Items","Index","Monthly","1973-M06","38.31295336787565","Units"
"Japan","Consumer price index (CPI)","All Items","Index","Monthly","1973-M07","38.60766839378238","Units"
"Japan","Consumer price index (CPI)","All Items","Index","Monthly","1973-M08","38.90238341968912","Units"
"Japan","Consumer price index (CPI)","All Items","Index","Monthly","1973-M09","39.98300518134715","Units"
"Japan","Consumer price index (CPI)","All Items","Index","Monthly","1973-M10","40.17948186528498","Units"
"Japan","Consumer price index (CPI)","All Items","Index","Monthly","1973-M11","40.47419689119171","Units"
"Japan","Consumer price index (CPI)","All Items","Index","Monthly","1973-M12","41.84953367875648","Units"
"Japan","Consumer price index (CPI)","All Items","Index","Monthly","1974-M01","43.61782383419689","Units"
"Japan","Consumer price index (CPI)","All Items","Index","Monthly","1974-M02","44.99316062176166","Units"
"Japan","Consumer price index (CPI)","All Items","Index","Monthly","1974-M03","45.2878756476684","Units"
"Japan","Consumer price index (CPI)","All Items","Index","Monthly","1974-M04","46.46673575129534","Units"
"Japan","Consumer price index (CPI)","All Items","Index","Monthly","1974-M05","46.66321243523316","Units"
"Japan","Consumer price index (CPI)","All Items","Index","Monthly","1974-M06","46.85968911917099","Units"
"Japan","Consumer price index (CPI)","All Items","Index","Monthly","1974-M07","47.84207253886011","Units"
"Japan","Consumer price index (CPI)","All Items","Index","Monthly","1974-M08","48.33326424870466","Units"
"Japan","Consumer price index (CPI)","All Items","Index","Monthly","1974-M09","48.92269430051814","Units"
"Japan","Consumer price index (CPI)","All Items","Index","Monthly","1974-M10","50.10155440414508","Units"
"Japan","Consumer price index (CPI)","All Items","Index","Monthly","1974-M11","50.49450777202073","Units"
"Japan","Consumer price index (CPI)","All Items","Index","Monthly","1974-M12","50.69098445595855","Units"
"Japan","Consumer price index (CPI)","All Items","Index","Monthly","1975-M01","51.28041450777202","Units"
"Japan","Consumer price index (CPI)","All Items","Index","Monthly","1975-M02","51.28041450777202","Units"
"Japan","Consumer price index (CPI)","All Items","Index","Monthly","1975-M03","51.77160621761658","Units"
"Japan","Consumer price index (CPI)","All Items","Index","Monthly","1975-M04","52.65575129533679","Units"
"Japan","Consumer price index (CPI)","All Items","Index","Monthly","1975-M05","52.95046632124352","Units"
"Japan","Consumer price index (CPI)","All Items","Index","Monthly","1975-M06","52.95046632124352","Units"
"Japan","Consumer price index (CPI)","All Items","Index","Monthly","1975-M07","53.04870466321244","Units"
"Japan","Consumer price index (CPI)","All Items","Index","Monthly","1975-M08","52.95046632124352","Units"
"Japan","Consumer price index (CPI)","All Items","Index","Monthly","1975-M09","54.12932642487047","Units"
"Japan","Consumer price index (CPI)","All Items","Index","Monthly","1975-M10","54.91523316062176","Units"
"Japan","Consumer price index (CPI)","All Items","Index","Monthly","1975-M11","54.62051813471503","Units"
"Japan","Consumer price index (CPI)","All Items","Index","Monthly","1975-M12","54.62051813471503","Units"
"Japan","Consumer price index (CPI)","All Items","Index","Monthly","1976-M01","55.70113989637306","Units"
"Japan","Consumer price index (CPI)","All Items","Index","Monthly","1976-M02","56.09409326424871","Units"
"Japan","Consumer price index (CPI)","All Items","Index","Monthly","1976-M03","56.29056994818653","Units"
"Japan","Consumer price index (CPI)","All Items","Index","Monthly","1976-M04","57.56766839378239","Units"
"Japan","Consumer price index (CPI)","All Items","Index","Monthly","1976-M05","57.86238341968912","Units"
"Japan","Consumer price index (CPI)","All Items","Index","Monthly","1976-M06","57.96062176165803","Units"
"Japan","Consumer price index (CPI)","All Items","Index","Monthly","1976-M07","58.25533678756477","Units"
"Japan","Consumer price index (CPI)","All Items","Index","Monthly","1976-M08","57.96062176165803","Units"
"Japan","Consumer price index (CPI)","All Items","Index","Monthly","1976-M09","59.3359585492228","Units"
"Japan","Consumer price index (CPI)","All Items","Index","Monthly","1976-M10","59.72891191709845","Units"
"Japan","Consumer price index (CPI)","All Items","Index","Monthly","1976-M11","59.72891191709845","Units"
"Japan","Consumer price index (CPI)","All Items","Index","Monthly","1976-M12","60.41658031088083","Units"
"Japan","Consumer price index (CPI)","All Items","Index","Monthly","1977-M01","61.0060103626943","Units"
"Japan","Consumer price index (CPI)","All Items","Index","Monthly","1977-M02","61.30072538860104","Units"
"Japan","Consumer price index (CPI)","All Items","Index","Monthly","1977-M03","61.59544041450777","Units"
"Japan","Consumer price index (CPI)","All Items","Index","Monthly","1977-M04","62.6760621761658","Units"
"Japan","Consumer price index (CPI)","All Items","Index","Monthly","1977-M05","63.26549222797928","Units"
"Japan","Consumer price index (CPI)","All Items","Index","Monthly","1977-M06","62.97077720207254","Units"
"Japan","Consumer price index (CPI)","All Items","Index","Monthly","1977-M07","62.77430051813472","Units"
"Japan","Consumer price index (CPI)","All Items","Index","Monthly","1977-M08","62.87253886010363","Units"
"Japan","Consumer price index (CPI)","All Items","Index","Monthly","1977-M09","63.85492227979275","Units"
"Japan","Consumer price index (CPI)","All Items","Index","Monthly","1977-M10","64.34611398963731","Units"
"Japan","Consumer price index (CPI)","All Items","Index","Monthly","1977-M11","63.65844559585492","Units"
"Japan","Consumer price index (CPI)","All Items","Index","Monthly","1977-M12","63.4619689119171","Units"
"Japan","Consumer price index (CPI)","All Items","Index","Monthly","1978-M01","63.75668393782384","Units"
"Japan","Consumer price index (CPI)","All Items","Index","Monthly","1978-M02","64.05139896373057","Units"
"Japan","Consumer price index (CPI)","All Items","Index","Monthly","1978-M03","64.64082901554404","Units"
"Japan","Consumer price index (CPI)","All Items","Index","Monthly","1978-M04","65.32849740932643","Units"
"Japan","Consumer price index (CPI)","All Items","Index","Monthly","1978-M05","65.72145077720207","Units"
"Japan","Consumer price index (CPI)","All Items","Index","Monthly","1978-M06","65.42673575129534","Units"
"Japan","Consumer price index (CPI)","All Items","Index","Monthly","1978-M07","65.62321243523316","Units"
"Japan","Consumer price index (CPI)","All Items","Index","Monthly","1978-M08","65.81968911917099","Units"
"Japan","Consumer price index (CPI)","All Items","Index","Monthly","1978-M09","66.50735751295337","Units"
"Japan","Consumer price index (CPI)","All Items","Index","Monthly","1978-M10","66.70383419689119","Units"
"Japan","Consumer price index (CPI)","All Items","Index","Monthly","1978-M11","66.01616580310881","Units"
"Japan","Consumer price index (CPI)","All Items","Index","Monthly","1978-M12","65.9179274611399","Units"
"Japan","Consumer price index (CPI)","All Items","Index","Monthly","1979-M01","66.01616580310881","Units"
"Japan","Consumer price index (CPI)","All Items","Index","Monthly","1979-M02","65.81968911917099","Units"
"Japan","Consumer price index (CPI)","All Items","Index","Monthly","1979-M03","66.40911917098446","Units"
"Japan","Consumer price index (CPI)","All Items","Index","Monthly","1979-M04","67.29326424870467","Units"
"Japan","Consumer price index (CPI)","All Items","Index","Monthly","1979-M05","67.78445595854922","Units"
"Japan","Consumer price index (CPI)","All Items","Index","Monthly","1979-M06","67.88269430051814","Units"
"Japan","Consumer price index (CPI)","All Items","Index","Monthly","1979-M07","68.47212435233161","Units"
"Japan","Consumer price index (CPI)","All Items","Index","Monthly","1979-M08","67.78445595854922","Units"
"Japan","Consumer price index (CPI)","All Items","Index","Monthly","1979-M09","68.66860103626943","Units"
"Japan","Consumer price index (CPI)","All Items","Index","Monthly","1979-M10","69.55274611398964","Units"
"Japan","Consumer price index (CPI)","All Items","Index","Monthly","1979-M11","69.2580310880829","Units"
"Japan","Consumer price index (CPI)","All Items","Index","Monthly","1979-M12","69.65098445595855","Units"
"Japan","Consumer price index (CPI)","All Items","Index","Monthly","1980-M01","70.33865284974093","Units"
"Japan","Consumer price index (CPI)","All Items","Index","Monthly","1980-M02","70.92808290155441","Units"
"Japan","Consumer price index (CPI)","All Items","Index","Monthly","1980-M03","71.32103626943005","Units"
"Japan","Consumer price index (CPI)","All Items","Index","Monthly","1980-M04","72.59813471502591","Units"
"Japan","Consumer price index (CPI)","All Items","Index","Monthly","1980-M05","73.18756476683938","Units"
"Japan","Consumer price index (CPI)","All Items","Index","Monthly","1980-M06","73.58051813471503","Units"
"Japan","Consumer price index (CPI)","All Items","Index","Monthly","1980-M07","73.58051813471503","Units"
"Japan","Consumer price index (CPI)","All Items","Index","Monthly","1980-M08","73.3840414507772","Units"
"Japan","Consumer price index (CPI)","All Items","Index","Monthly","1980-M09","74.66113989637306","Units"
"Japan","Consumer price index (CPI)","All Items","Index","Monthly","1980-M10","74.75937823834197","Units"
"Japan","Consumer price index (CPI)","All Items","Index","Monthly","1980-M11","74.95585492227979","Units"
"Japan","Consumer price index (CPI)","All Items","Index","Monthly","1980-M12","74.66113989637306","Units"
"Japan","Consumer price index (CPI)","All Items","Index","Monthly","1981-M01","75.44704663212435","Units"
"Japan","Consumer price index (CPI)","All Items","Index","Monthly","1981-M02","75.34880829015544","Units"
"Japan","Consumer price index (CPI)","All Items","Index","Monthly","1981-M03","75.64352331606218","Units"
"Japan","Consumer price index (CPI)","All Items","Index","Monthly","1981-M04","76.23295336787565","Units"
"Japan","Consumer price index (CPI)","All Items","Index","Monthly","1981-M05","76.92062176165803","Units"
"Japan","Consumer price index (CPI)","All Items","Index","Monthly","1981-M06","77.01886010362695","Units"
"Japan","Consumer price index (CPI)","All Items","Index","Monthly","1981-M07","76.82238341968912","Units"
"Japan","Consumer price index (CPI)","All Items","Index","Monthly","1981-M08","76.42943005181347","Units"
"Japan","Consumer price index (CPI)","All Items","Index","Monthly","1981-M09","77.60829015544042","Units"
"Japan","Consumer price index (CPI)","All Items","Index","Monthly","1981-M10","77.90300518134715","Units"
"Japan","Consumer price index (CPI)","All Items","Index","Monthly","1981-M11","77.80476683937824","Units"
"Japan","Consumer price index (CPI)","All Items","Index","Monthly","1981-M12","77.90300518134715","Units"
"Japan","Consumer price index (CPI)","All Items","Index","Monthly","1982-M01","77.90300518134715","Units"
"Japan","Consumer price index (CPI)","All Items","Index","Monthly","1982-M02","77.80476683937824","Units"
"Japan","Consumer price index (CPI)","All Items","Index","Monthly","1982-M03","77.90300518134715","Units"
"Japan","Consumer price index (CPI)","All Items","Index","Monthly","1982-M04","78.49243523316062","Units"
"Japan","Consumer price index (CPI)","All Items","Index","Monthly","1982-M05","78.78715025906736","Units"
"Japan","Consumer price index (CPI)","All Items","Index","Monthly","1982-M06","78.78715025906736","Units"
"Japan","Consumer price index (CPI)","All Items","Index","Monthly","1982-M07","78.2959585492228","Units"
"Japan","Consumer price index (CPI)","All Items","Index","Monthly","1982-M08","78.88538860103627","Units"
"Japan","Consumer price index (CPI)","All Items","Index","Monthly","1982-M09","80.06424870466321","Units"
"Japan","Consumer price index (CPI)","All Items","Index","Monthly","1982-M10","80.35896373056995","Units"
"Japan","Consumer price index (CPI)","All Items","Index","Monthly","1982-M11","79.57305699481866","Units"
"Japan","Consumer price index (CPI)","All Items","Index","Monthly","1982-M12","79.47481865284974","Units"
"Japan","Consumer price index (CPI)","All Items","Index","Monthly","1983-M01","79.57305699481866","Units"
"Japan","Consumer price index (CPI)","All Items","Index","Monthly","1983-M02","79.27834196891192","Units"
"Japan","Consumer price index (CPI)","All Items","Index","Monthly","1983-M03","79.76953367875648","Units"
"Japan","Consumer price index (CPI)","All Items","Index","Monthly","1983-M04","80.06424870466321","Units"
"Japan","Consumer price index (CPI)","All Items","Index","Monthly","1983-M05","80.94839378238342","Units"
"Japan","Consumer price index (CPI)","All Items","Index","Monthly","1983-M06","80.45720207253886","Units"
"Japan","Consumer price index (CPI)","All Items","Index","Monthly","1983-M07","80.06424870466321","Units"
"Japan","Consumer price index (CPI)","All Items","Index","Monthly","1983-M08","79.86777202072539","Units"
"Japan","Consumer price index (CPI)","All Items","Index","Monthly","1983-M09","80.85015544041451","Units"
"Japan","Consumer price index (CPI)","All Items","Index","Monthly","1983-M10","81.53782383419689","Units"
"Japan","Consumer price index (CPI)","All Items","Index","Monthly","1983-M11","81.04663212435233","Units"
"Japan","Consumer price index (CPI)","All Items","Index","Monthly","1983-M12","80.85015544041451","Units"
"Japan","Consumer price index (CPI)","All Items","Index","Monthly","1984-M01","81.04663212435233","Units"
"Japan","Consumer price index (CPI)","All Items","Index","Monthly","1984-M02","81.53782383419689","Units"
"Japan","Consumer price index (CPI)","All Items","Index","Monthly","1984-M03","81.73430051813472","Units"
"Japan","Consumer price index (CPI)","All Items","Index","Monthly","1984-M04","81.93077720207254","Units"
"Japan","Consumer price index (CPI)","All Items","Index","Monthly","1984-M05","82.52020725388601","Units"
"Japan","Consumer price index (CPI)","All Items","Index","Monthly","1984-M06","81.93077720207254","Units"
"Japan","Consumer price index (CPI)","All Items","Index","Monthly","1984-M07","82.12725388601037","Units"
"Japan","Consumer price index (CPI)","All Items","Index","Monthly","1984-M08","81.43958549222798","Units"
"Japan","Consumer price index (CPI)","All Items","Index","Monthly","1984-M09","82.71668393782384","Units"
"Japan","Consumer price index (CPI)","All Items","Index","Monthly","1984-M10","83.30611398963731","Units"
"Japan","Consumer price index (CPI)","All Items","Index","Monthly","1984-M11","82.81492227979275","Units"
"Japan","Consumer price index (CPI)","All Items","Index","Monthly","1984-M12","83.01139896373057","Units"
"Japan","Consumer price index (CPI)","All Items","Index","Monthly","1985-M01","83.30611398963731","Units"
"Japan","Consumer price index (CPI)","All Items","Index","Monthly","1985-M02","82.91316062176166","Units"
"Japan","Consumer price index (CPI)","All Items","Index","Monthly","1985-M03","83.30611398963731","Units"
"Japan","Consumer price index (CPI)","All Items","Index","Monthly","1985-M04","83.79730569948187","Units"
"Japan","Consumer price index (CPI)","All Items","Index","Monthly","1985-M05","83.89554404145078","Units"
"Japan","Consumer price index (CPI)","All Items","Index","Monthly","1985-M06","83.89554404145078","Units"
"Japan","Consumer price index (CPI)","All Items","Index","Monthly","1985-M07","84.0920207253886","Units"
"Japan","Consumer price index (CPI)","All Items","Index","Monthly","1985-M08","83.89554404145078","Units"
"Japan","Consumer price index (CPI)","All Items","Index","Monthly","1985-M09","83.99378238341969","Units"
"Japan","Consumer price index (CPI)","All Items","Index","Monthly","1985-M10","84.77968911917099","Units"
"Japan","Consumer price index (CPI)","All Items","Index","Monthly","1985-M11","84.0920207253886","Units"
"Japan","Consumer price index (CPI)","All Items","Index","Monthly","1985-M12","84.19025906735752","Units"
"Japan","Consumer price index (CPI)","All Items","Index","Monthly","1986-M01","84.48497409326425","Units"
"Japan","Consumer price index (CPI)","All Items","Index","Monthly","1986-M02","84.38673575129534","Units"
"Japan","Consumer price index (CPI)","All Items","Index","Monthly","1986-M03","84.38673575129534","Units"
"Japan","Consumer price index (CPI)","All Items","Index","Monthly","1986-M04","84.58321243523316","Units"
"Japan","Consumer price index (CPI)","All Items","Index","Monthly","1986-M05","84.8779274611399","Units"
"Japan","Consumer price index (CPI)","All Items","Index","Monthly","1986-M06","84.38673575129534","Units"
"Japan","Consumer price index (CPI)","All Items","Index","Monthly","1986-M07","84.19025906735752","Units"
"Japan","Consumer price index (CPI)","All Items","Index","Monthly","1986-M08","83.99378238341969","Units"
"Japan","Consumer price index (CPI)","All Items","Index","Monthly","1986-M09","84.38673575129534","Units"
"Japan","Consumer price index (CPI)","All Items","Index","Monthly","1986-M10","84.48497409326425","Units"
"Japan","Consumer price index (CPI)","All Items","Index","Monthly","1986-M11","84.0920207253886","Units"
"Japan","Consumer price index (CPI)","All Items","Index","Monthly","1986-M12","83.89554404145078","Units"
"Japan","Consumer price index (CPI)","All Items","Index","Monthly","1987-M01","83.60082901554404","Units"
"Japan","Consumer price index (CPI)","All Items","Index","Monthly","1987-M02","83.60082901554404","Units"
"Japan","Consumer price index (CPI)","All Items","Index","Monthly","1987-M03","83.89554404145078","Units"
"Japan","Consumer price index (CPI)","All Items","Index","Monthly","1987-M04","84.68145077720208","Units"
"Japan","Consumer price index (CPI)","All Items","Index","Monthly","1987-M05","84.8779274611399","Units"
"Japan","Consumer price index (CPI)","All Items","Index","Monthly","1987-M06","84.68145077720208","Units"
"Japan","Consumer price index (CPI)","All Items","Index","Monthly","1987-M07","84.28849740932643","Units"
"Japan","Consumer price index (CPI)","All Items","Index","Monthly","1987-M08","84.38673575129534","Units"
"Japan","Consumer price index (CPI)","All Items","Index","Monthly","1987-M09","85.07440414507772","Units"
"Japan","Consumer price index (CPI)","All Items","Index","Monthly","1987-M10","85.07440414507772","Units"
"Japan","Consumer price index (CPI)","All Items","Index","Monthly","1987-M11","84.68145077720208","Units"
"Japan","Consumer price index (CPI)","All Items","Index","Monthly","1987-M12","84.58321243523316","Units"
"Japan","Consumer price index (CPI)","All Items","Index","Monthly","1988-M01","84.38673575129534","Units"
"Japan","Consumer price index (CPI)","All Items","Index","Monthly","1988-M02","84.19025906735752","Units"
"Japan","Consumer price index (CPI)","All Items","Index","Monthly","1988-M03","84.48497409326425","Units"
"Japan","Consumer price index (CPI)","All Items","Index","Monthly","1988-M04","84.97616580310881","Units"
"Japan","Consumer price index (CPI)","All Items","Index","Monthly","1988-M05","84.97616580310881","Units"
"Japan","Consumer price index (CPI)","All Items","Index","Monthly","1988-M06","84.8779274611399","Units"
"Japan","Consumer price index (CPI)","All Items","Index","Monthly","1988-M07","84.68145077720208","Units"
"Japan","Consumer price index (CPI)","All Items","Index","Monthly","1988-M08","84.97616580310881","Units"
"Japan","Consumer price index (CPI)","All Items","Index","Monthly","1988-M09","85.56559585492228","Units"
"Japan","Consumer price index (CPI)","All Items","Index","Monthly","1988-M10","86.05678756476684","Units"
"Japan","Consumer price index (CPI)","All Items","Index","Monthly","1988-M11","85.66383419689119","Units"
"Japan","Consumer price index (CPI)","All Items","Index","Monthly","1988-M12","85.46735751295337","Units"
"Japan","Consumer price index (CPI)","All Items","Index","Monthly","1989-M01","85.27088082901555","Units"
"Japan","Consumer price index (CPI)","All Items","Index","Monthly","1989-M02","84.97616580310881","Units"
"Japan","Consumer price index (CPI)","All Items","Index","Monthly","1989-M03","85.46735751295337","Units"
"Japan","Consumer price index (CPI)","All Items","Index","Monthly","1989-M04","86.94093264248705","Units"
"Japan","Consumer price index (CPI)","All Items","Index","Monthly","1989-M05","87.43212435233161","Units"
"Japan","Consumer price index (CPI)","All Items","Index","Monthly","1989-M06","87.3338860103627","Units"
"Japan","Consumer price index (CPI)","All Items","Index","Monthly","1989-M07","87.23564766839378","Units"
"Japan","Consumer price index (CPI)","All Items","Index","Monthly","1989-M08","87.13740932642487","Units"
"Japan","Consumer price index (CPI)","All Items","Index","Monthly","1989-M09","87.82507772020726","Units"
"Japan","Consumer price index (CPI)","All Items","Index","Monthly","1989-M10","88.51274611398964","Units"
"Japan","Consumer price index (CPI)","All Items","Index","Monthly","1989-M11","87.62860103626943","Units"
"Japan","Consumer price index (CPI)","All Items","Index","Monthly","1989-M12","87.72683937823834","Units"
"Japan","Consumer price index (CPI)","All Items","Index","Monthly","1990-M01","88.11979274611399","Units"
"Japan","Consumer price index (CPI)","All Items","Index","Monthly","1990-M02","88.2180310880829","Units"
"Japan","Consumer price index (CPI)","All Items","Index","Monthly","1990-M03","88.51274611398964","Units"
"Japan","Consumer price index (CPI)","All Items","Index","Monthly","1990-M04","89.29865284974094","Units"
"Japan","Consumer price index (CPI)","All Items","Index","Monthly","1990-M05","89.69160621761658","Units"
"Japan","Consumer price index (CPI)","All Items","Index","Monthly","1990-M06","89.39689119170985","Units"
"Japan","Consumer price index (CPI)","All Items","Index","Monthly","1990-M07","89.20041450777202","Units"
"Japan","Consumer price index (CPI)","All Items","Index","Monthly","1990-M08","89.59336787564767","Units"
"Japan","Consumer price index (CPI)","All Items","Index","Monthly","1990-M09","90.28103626943005","Units"
"Japan","Consumer price index (CPI)","All Items","Index","Monthly","1990-M10","91.26341968911917","Units"
"Japan","Consumer price index (CPI)","All Items","Index","Monthly","1990-M11","91.06694300518135","Units"
"Japan","Consumer price index (CPI)","All Items","Index","Monthly","1990-M12","90.96870466321244","Units"
"","Harmonised index of consumer prices (HICP)","All Items","Index","","","",""
