"COUNTRY","PRODUCTION_INDEX","TYPE_OF_TRANSFORMATION","FREQUENCY","TIME_PERIOD","OBS_VALUE","SCALE"
"Japan","Industrial Production","Index","Monthly","1959-M12","12.14297521084424","Units"
"Japan","Industrial Production","Index","Monthly","1960-M01","11.23431720186948","Units"
"Japan","Industrial Production","Index","Monthly","1960-M02","12.63860685210326","Units"
"Japan","Industrial Production","Index","Monthly","1960-M03","13.62987013462108","Units"
"Japan","Industrial Production","Index","Monthly","1960-M04","12.72121212564642","Units"
"Japan","Industrial Production","Index","Monthly","1960-M05","12.8038173991895","Units"
"Japan","Industrial Production","Index","Monthly","1960-M06","12.8038173991895","Units"
"Japan","Industrial Production","Index","Monthly","1960-M07","12.96902794627583","Units"
"Japan","Industrial Production","Index","Monthly","1960-M08","12.8038173991895","Units"
"Japan","Industrial Production","Index","Monthly","1960-M09","13.38205431399168","Units"
"Japan","Industrial Production","Index","Monthly","1960-M10","13.62987013462108","Units"
"Japan","Industrial Production","Index","Monthly","1960-M11","13.96029122879376","Units"
"Japan","Industrial Production","Index","Monthly","1960-M12","14.53852814359584","Units"
"Japan","Industrial Production","Index","Monthly","1961-M01","13.62987013462108","Units"
"Japan","Industrial Production","Index","Monthly","1961-M02","14.70373869068218","Units"
"Japan","Industrial Production","Index","Monthly","1961-M03","16.27323888800219","Units"
"Japan","Industrial Production","Index","Monthly","1961-M04","14.95155451131169","Units"
"Japan","Industrial Production","Index","Monthly","1961-M05","15.28197560548426","Units"
"Japan","Industrial Production","Index","Monthly","1961-M06","15.61239669965694","Units"
"Japan","Industrial Production","Index","Monthly","1961-M07","15.77760724674328","Units"
"Japan","Industrial Production","Index","Monthly","1961-M08","15.61239669965694","Units"
"Japan","Industrial Production","Index","Monthly","1961-M09","15.94281779382952","Units"
"Japan","Industrial Production","Index","Monthly","1961-M10","16.35584416154536","Units"
"Japan","Industrial Production","Index","Monthly","1961-M11","16.35584416154536","Units"
"Japan","Industrial Production","Index","Monthly","1961-M12","17.18189689697695","Units"
"Japan","Industrial Production","Index","Monthly","1962-M01","16.02542306737269","Units"
"Japan","Industrial Production","Index","Monthly","1962-M02","17.01668634989061","Units"
"Japan","Industrial Production","Index","Monthly","1962-M03","18.66879182075379","Units"
"Japan","Industrial Production","Index","Monthly","1962-M04","17.01668634989061","Units"
"Japan","Industrial Production","Index","Monthly","1962-M05","17.18189689697695","Units"
"Japan","Industrial Production","Index","Monthly","1962-M06","17.01668634989061","Units"
"Japan","Industrial Production","Index","Monthly","1962-M07","16.60365998217477","Units"
"Japan","Industrial Production","Index","Monthly","1962-M08","16.35584416154536","Units"
"Japan","Industrial Production","Index","Monthly","1962-M09","16.76887052926111","Units"
"Japan","Industrial Production","Index","Monthly","1962-M10","16.76887052926111","Units"
"Japan","Industrial Production","Index","Monthly","1962-M11","16.68626525571794","Units"
"Japan","Industrial Production","Index","Monthly","1962-M12","17.18189689697695","Units"
"Japan","Industrial Production","Index","Monthly","1963-M01","16.02542306737269","Units"
"Japan","Industrial Production","Index","Monthly","1963-M02","17.5949232646927","Units"
"Japan","Industrial Production","Index","Monthly","1963-M03","18.99921291492637","Units"
"Japan","Industrial Production","Index","Monthly","1963-M04","18.17316017949478","Units"
"Japan","Industrial Production","Index","Monthly","1963-M05","18.33837072658112","Units"
"Japan","Industrial Production","Index","Monthly","1963-M06","18.42097600012429","Units"
"Japan","Industrial Production","Index","Monthly","1963-M07","18.99921291492637","Units"
"Japan","Industrial Production","Index","Monthly","1963-M08","18.66879182075379","Units"
"Japan","Industrial Production","Index","Monthly","1963-M09","19.49484455618538","Units"
"Japan","Industrial Production","Index","Monthly","1963-M10","20.15568674453063","Units"
"Japan","Industrial Production","Index","Monthly","1963-M11","20.2382920180738","Units"
"Japan","Industrial Production","Index","Monthly","1963-M12","21.06434475350539","Units"
"Japan","Industrial Production","Index","Monthly","1964-M01","19.49484455618538","Units"
"Japan","Industrial Production","Index","Monthly","1964-M02","21.3121605741348","Units"
"Japan","Industrial Production","Index","Monthly","1964-M03","22.6338449508254","Units"
"Japan","Industrial Production","Index","Monthly","1964-M04","21.22955530059163","Units"
"Japan","Industrial Production","Index","Monthly","1964-M05","21.3121605741348","Units"
"Japan","Industrial Production","Index","Monthly","1964-M06","22.05560803602322","Units"
"Japan","Industrial Production","Index","Monthly","1964-M07","21.89039748893698","Units"
"Japan","Industrial Production","Index","Monthly","1964-M08","21.14695002704846","Units"
"Japan","Industrial Production","Index","Monthly","1964-M09","22.6338449508254","Units"
"Japan","Industrial Production","Index","Monthly","1964-M10","22.6338449508254","Units"
"Japan","Industrial Production","Index","Monthly","1964-M11","22.13821330956639","Units"
"Japan","Industrial Production","Index","Monthly","1964-M12","23.54250295980006","Units"
"Japan","Industrial Production","Index","Monthly","1965-M01","21.3121605741348","Units"
"Japan","Industrial Production","Index","Monthly","1965-M02","22.55123967728223","Units"
"Japan","Industrial Production","Index","Monthly","1965-M03","24.45116096877482","Units"
"Japan","Industrial Production","Index","Monthly","1965-M04","22.30342385665273","Units"
"Japan","Industrial Production","Index","Monthly","1965-M05","21.80779221539381","Units"
"Japan","Industrial Production","Index","Monthly","1965-M06","22.6338449508254","Units"
"Japan","Industrial Production","Index","Monthly","1965-M07","22.55123967728223","Units"
"Japan","Industrial Production","Index","Monthly","1965-M08","21.72518694185065","Units"
"Japan","Industrial Production","Index","Monthly","1965-M09","22.79905549791164","Units"
"Japan","Industrial Production","Index","Monthly","1965-M10","22.88166077145481","Units"
"Japan","Industrial Production","Index","Monthly","1965-M11","23.04687131854115","Units"
"Japan","Industrial Production","Index","Monthly","1965-M12","23.79031878042957","Units"
"Japan","Industrial Production","Index","Monthly","1966-M01","22.13821330956639","Units"
"Japan","Industrial Production","Index","Monthly","1966-M02","23.54250295980006","Units"
"Japan","Industrial Production","Index","Monthly","1966-M03","26.18587171318117","Units"
"Japan","Industrial Production","Index","Monthly","1966-M04","24.53376624231799","Units"
"Japan","Industrial Production","Index","Monthly","1966-M05","24.53376624231799","Units"
"Japan","Industrial Production","Index","Monthly","1966-M06","25.60763479837909","Units"
"Japan","Industrial Production","Index","Monthly","1966-M07","25.77284534546533","Units"
"Japan","Industrial Production","Index","Monthly","1966-M08","25.19460843066324","Units"
"Japan","Industrial Production","Index","Monthly","1966-M09","26.68150335444009","Units"
"Japan","Industrial Production","Index","Monthly","1966-M10","27.09452972215593","Units"
"Japan","Industrial Production","Index","Monthly","1966-M11","27.50755608987168","Units"
"Japan","Industrial Production","Index","Monthly","1966-M12","29.07705628719169","Units"
"Japan","Industrial Production","Index","Monthly","1967-M01","26.84671390152642","Units"
"Japan","Industrial Production","Index","Monthly","1967-M02","28.16839827821693","Units"
"Japan","Industrial Production","Index","Monthly","1967-M03","31.22479339931378","Units"
"Japan","Industrial Production","Index","Monthly","1967-M04","29.07705628719169","Units"
"Japan","Industrial Production","Index","Monthly","1967-M05","29.32487210782119","Units"
"Japan","Industrial Production","Index","Monthly","1967-M06","30.56395121096853","Units"
"Japan","Industrial Production","Index","Monthly","1967-M07","30.56395121096853","Units"
"Japan","Industrial Production","Index","Monthly","1967-M08","29.98571429616645","Units"
"Japan","Industrial Production","Index","Monthly","1967-M09","32.21605668183171","Units"
"Japan","Industrial Production","Index","Monthly","1967-M10","32.38126722891805","Units"
"Japan","Industrial Production","Index","Monthly","1967-M11","32.95950414372013","Units"
"Japan","Industrial Production","Index","Monthly","1967-M12","34.28118852041073","Units"
"Japan","Industrial Production","Index","Monthly","1968-M01","30.81176703159804","Units"
"Japan","Industrial Production","Index","Monthly","1968-M02","33.12471469080647","Units"
"Japan","Industrial Production","Index","Monthly","1968-M03","35.60287289710124","Units"
"Japan","Industrial Production","Index","Monthly","1968-M04","34.11597797332439","Units"
"Japan","Industrial Production","Index","Monthly","1968-M05","34.28118852041073","Units"
"Japan","Industrial Production","Index","Monthly","1968-M06","35.27245180292856","Units"
"Japan","Industrial Production","Index","Monthly","1968-M07","35.76808344418748","Units"
"Japan","Industrial Production","Index","Monthly","1968-M08","34.61160961458331","Units"
"Japan","Industrial Production","Index","Monthly","1968-M09","36.5115309060759","Units"
"Japan","Industrial Production","Index","Monthly","1968-M10","37.42018891505066","Units"
"Japan","Industrial Production","Index","Monthly","1968-M11","37.99842582985284","Units"
"Japan","Industrial Production","Index","Monthly","1968-M12","38.74187329174126","Units"
"Japan","Industrial Production","Index","Monthly","1969-M01","35.27245180292856","Units"
"Japan","Industrial Production","Index","Monthly","1969-M02","37.99842582985284","Units"
"Japan","Industrial Production","Index","Monthly","1969-M03","40.55918930969068","Units"
"Japan","Industrial Production","Index","Monthly","1969-M04","39.81574184780226","Units"
"Japan","Industrial Production","Index","Monthly","1969-M05","39.56792602717285","Units"
"Japan","Industrial Production","Index","Monthly","1969-M06","40.97221567740652","Units"
"Japan","Industrial Production","Index","Monthly","1969-M07","41.79826841283811","Units"
"Japan","Industrial Production","Index","Monthly","1969-M08","39.65053130071592","Units"
"Japan","Industrial Production","Index","Monthly","1969-M09","42.87213696889911","Units"
"Japan","Industrial Production","Index","Monthly","1969-M10","44.11121607204654","Units"
"Japan","Industrial Production","Index","Monthly","1969-M11","43.6981897043307","Units"
"Japan","Industrial Production","Index","Monthly","1969-M12","45.68071626936655","Units"
"Japan","Industrial Production","Index","Monthly","1970-M01","41.46784731866544","Units"
"Japan","Industrial Production","Index","Monthly","1970-M02","44.44163716621912","Units"
"Japan","Industrial Production","Index","Monthly","1970-M03","47.91105865503182","Units"
"Japan","Industrial Production","Index","Monthly","1970-M04","46.01113736353913","Units"
"Japan","Industrial Production","Index","Monthly","1970-M05","45.18508462810754","Units"
"Japan","Industrial Production","Index","Monthly","1970-M06","48.07626920211815","Units"
"Japan","Industrial Production","Index","Monthly","1970-M07","48.32408502274756","Units"
"Japan","Industrial Production","Index","Monthly","1970-M08","45.26768990165071","Units"
"Japan","Industrial Production","Index","Monthly","1970-M09","48.15887447566132","Units"
"Japan","Industrial Production","Index","Monthly","1970-M10","48.07626920211815","Units"
"Japan","Industrial Production","Index","Monthly","1970-M11","47.25021646668647","Units"
"Japan","Industrial Production","Index","Monthly","1970-M12","49.48055885235183","Units"
"Japan","Industrial Production","Index","Monthly","1971-M01","44.35903189267595","Units"
"Japan","Industrial Production","Index","Monthly","1971-M02","46.75458482542755","Units"
"Japan","Industrial Production","Index","Monthly","1971-M03","50.55442740841283","Units"
"Japan","Industrial Production","Index","Monthly","1971-M04","47.74584810794548","Units"
"Japan","Industrial Production","Index","Monthly","1971-M05","45.10247935456437","Units"
"Japan","Industrial Production","Index","Monthly","1971-M06","48.40669029629073","Units"
"Japan","Industrial Production","Index","Monthly","1971-M07","48.81971666400648","Units"
"Japan","Industrial Production","Index","Monthly","1971-M08","46.17634791062547","Units"
"Japan","Industrial Production","Index","Monthly","1971-M09","49.48055885235183","Units"
"Japan","Industrial Production","Index","Monthly","1971-M10","48.57190084337707","Units"
"Japan","Industrial Production","Index","Monthly","1971-M11","48.65450611692024","Units"
"Japan","Industrial Production","Index","Monthly","1971-M12","49.64576939943816","Units"
"Japan","Industrial Production","Index","Monthly","1972-M01","45.0198740810212","Units"
"Japan","Industrial Production","Index","Monthly","1972-M02","48.15887447566132","Units"
"Japan","Industrial Production","Index","Monthly","1972-M03","52.61955924699185","Units"
"Japan","Industrial Production","Index","Monthly","1972-M04","49.64576939943816","Units"
"Japan","Industrial Production","Index","Monthly","1972-M05","48.98492721109281","Units"
"Japan","Industrial Production","Index","Monthly","1972-M06","51.54569069093075","Units"
"Japan","Industrial Production","Index","Monthly","1972-M07","51.54569069093075","Units"
"Japan","Industrial Production","Index","Monthly","1972-M08","49.89358522006757","Units"
"Japan","Industrial Production","Index","Monthly","1972-M09","53.44561198242334","Units"
"Japan","Industrial Production","Index","Monthly","1972-M10","53.69342780305285","Units"
"Japan","Industrial Production","Index","Monthly","1972-M11","54.18905944431176","Units"
"Japan","Industrial Production","Index","Monthly","1972-M12","57.08024401832238","Units"
"Japan","Industrial Production","Index","Monthly","1973-M01","51.62829596447392","Units"
"Japan","Industrial Production","Index","Monthly","1973-M02","54.93250690620028","Units"
"Japan","Industrial Production","Index","Monthly","1973-M03","60.71487605422131","Units"
"Japan","Industrial Production","Index","Monthly","1973-M04","57.65848093312446","Units"
"Japan","Industrial Production","Index","Monthly","1973-M05","57.65848093312446","Units"
"Japan","Industrial Production","Index","Monthly","1973-M06","60.13663913941923","Units"
"Japan","Industrial Production","Index","Monthly","1973-M07","59.88882331878972","Units"
"Japan","Industrial Production","Index","Monthly","1973-M08","57.57587565958129","Units"
"Japan","Industrial Production","Index","Monthly","1973-M09","61.37571824256656","Units"
"Japan","Industrial Production","Index","Monthly","1973-M10","62.11916570445498","Units"
"Japan","Industrial Production","Index","Monthly","1973-M11","61.87134988382558","Units"
"Japan","Industrial Production","Index","Monthly","1973-M12","62.53219207217073","Units"
"Japan","Industrial Production","Index","Monthly","1974-M01","55.34553327391603","Units"
"Japan","Industrial Production","Index","Monthly","1974-M02","58.48453366855605","Units"
"Japan","Industrial Production","Index","Monthly","1974-M03","62.20177097799815","Units"
"Japan","Industrial Production","Index","Monthly","1974-M04","58.15411257438337","Units"
"Japan","Industrial Production","Index","Monthly","1974-M05","57.41066511249495","Units"
"Japan","Industrial Production","Index","Monthly","1974-M06","57.90629675375396","Units"
"Japan","Industrial Production","Index","Monthly","1974-M07","57.90629675375396","Units"
"Japan","Industrial Production","Index","Monthly","1974-M08","53.11519088825076","Units"
"Japan","Industrial Production","Index","Monthly","1974-M09","56.91503347123604","Units"
"Japan","Industrial Production","Index","Monthly","1974-M10","55.34553327391603","Units"
"Japan","Industrial Production","Index","Monthly","1974-M11","53.69342780305285","Units"
"Japan","Industrial Production","Index","Monthly","1974-M12","53.2804014353371","Units"
"Japan","Industrial Production","Index","Monthly","1975-M01","45.0198740810212","Units"
"Japan","Industrial Production","Index","Monthly","1975-M02","47.25021646668647","Units"
"Japan","Industrial Production","Index","Monthly","1975-M03","50.8848485025855","Units"
"Japan","Industrial Production","Index","Monthly","1975-M04","49.89358522006757","Units"
"Japan","Industrial Production","Index","Monthly","1975-M05","48.98492721109281","Units"
"Japan","Industrial Production","Index","Monthly","1975-M06","51.29787487030125","Units"
"Japan","Industrial Production","Index","Monthly","1975-M07","52.37174342636234","Units"
"Japan","Industrial Production","Index","Monthly","1975-M08","48.65450611692024","Units"
"Japan","Industrial Production","Index","Monthly","1975-M09","53.11519088825076","Units"
"Japan","Industrial Production","Index","Monthly","1975-M10","53.11519088825076","Units"
"Japan","Industrial Production","Index","Monthly","1975-M11","51.38048014384442","Units"
"Japan","Industrial Production","Index","Monthly","1975-M12","53.11519088825076","Units"
"Japan","Industrial Production","Index","Monthly","1976-M01","47.49803228731597","Units"
"Japan","Industrial Production","Index","Monthly","1976-M02","51.54569069093075","Units"
"Japan","Industrial Production","Index","Monthly","1976-M03","57.41066511249495","Units"
"Japan","Industrial Production","Index","Monthly","1976-M04","55.6759543680887","Units"
"Japan","Industrial Production","Index","Monthly","1976-M05","54.27166471785503","Units"
"Japan","Industrial Production","Index","Monthly","1976-M06","57.32805983895188","Units"
"Japan","Industrial Production","Index","Monthly","1976-M07","58.56713894209922","Units"
"Japan","Industrial Production","Index","Monthly","1976-M08","54.51948053848444","Units"
"Japan","Industrial Production","Index","Monthly","1976-M09","58.89756003627179","Units"
"Japan","Industrial Production","Index","Monthly","1976-M10","58.56713894209922","Units"
"Japan","Industrial Production","Index","Monthly","1976-M11","58.56713894209922","Units"
"Japan","Industrial Production","Index","Monthly","1976-M12","59.55840222461705","Units"
"Japan","Industrial Production","Index","Monthly","1977-M01","52.61955924699185","Units"
"Japan","Industrial Production","Index","Monthly","1977-M02","55.09771745328652","Units"
"Japan","Industrial Production","Index","Monthly","1977-M03","61.5409287896529","Units"
"Japan","Industrial Production","Index","Monthly","1977-M04","58.56713894209922","Units"
"Japan","Industrial Production","Index","Monthly","1977-M05","56.66721765060653","Units"
"Japan","Industrial Production","Index","Monthly","1977-M06","59.47579695107398","Units"
"Japan","Industrial Production","Index","Monthly","1977-M07","58.81495476272872","Units"
"Japan","Industrial Production","Index","Monthly","1977-M08","56.25419128289079","Units"
"Japan","Industrial Production","Index","Monthly","1977-M09","60.63227078067814","Units"
"Japan","Industrial Production","Index","Monthly","1977-M10","59.39319167753081","Units"
"Japan","Industrial Production","Index","Monthly","1977-M11","59.88882331878972","Units"
"Japan","Industrial Production","Index","Monthly","1977-M12","61.12790242193716","Units"
"Japan","Industrial Production","Index","Monthly","1978-M01","54.51948053848444","Units"
"Japan","Industrial Production","Index","Monthly","1978-M02","57.41066511249495","Units"
"Japan","Industrial Production","Index","Monthly","1978-M03","64.59732391074975","Units"
"Japan","Industrial Production","Index","Monthly","1978-M04","62.36698152508449","Units"
"Japan","Industrial Production","Index","Monthly","1978-M05","60.63227078067814","Units"
"Japan","Industrial Production","Index","Monthly","1978-M06","62.86261316634341","Units"
"Japan","Industrial Production","Index","Monthly","1978-M07","63.27563953405925","Units"
"Japan","Industrial Production","Index","Monthly","1978-M08","60.13663913941923","Units"
"Japan","Industrial Production","Index","Monthly","1978-M09","64.67992918429292","Units"
"Japan","Industrial Production","Index","Monthly","1978-M10","63.9364817224045","Units"
"Japan","Industrial Production","Index","Monthly","1978-M11","64.10169226949074","Units"
"Japan","Industrial Production","Index","Monthly","1978-M12","65.91900828744026","Units"
"Japan","Industrial Production","Index","Monthly","1979-M01","58.15411257438337","Units"
"Japan","Industrial Production","Index","Monthly","1979-M02","61.78874461028241","Units"
"Japan","Industrial Production","Index","Monthly","1979-M03","68.4797717672782","Units"
"Japan","Industrial Production","Index","Monthly","1979-M04","66.3320346551561","Units"
"Japan","Industrial Production","Index","Monthly","1979-M05","65.67119246681085","Units"
"Japan","Industrial Production","Index","Monthly","1979-M06","67.98414012601928","Units"
"Japan","Industrial Production","Index","Monthly","1979-M07","68.56237704082137","Units"
"Japan","Industrial Production","Index","Monthly","1979-M08","64.76253445783609","Units"
"Japan","Industrial Production","Index","Monthly","1979-M09","68.31456122019186","Units"
"Japan","Industrial Production","Index","Monthly","1979-M10","69.05800868208028","Units"
"Japan","Industrial Production","Index","Monthly","1979-M11","69.47103504979612","Units"
"Japan","Industrial Production","Index","Monthly","1979-M12","70.54490360585712","Units"
"Japan","Industrial Production","Index","Monthly","1980-M01","62.78000789280024","Units"
"Japan","Industrial Production","Index","Monthly","1980-M02","69.47103504979612","Units"
"Japan","Industrial Production","Index","Monthly","1980-M03","73.93171982112665","Units"
"Japan","Industrial Production","Index","Monthly","1980-M04","72.77524599152239","Units"
"Japan","Industrial Production","Index","Monthly","1980-M05","70.04927196459821","Units"
"Japan","Industrial Production","Index","Monthly","1980-M06","71.37095634128871","Units"
"Japan","Industrial Production","Index","Monthly","1980-M07","71.61877216191822","Units"
"Japan","Industrial Production","Index","Monthly","1980-M08","64.18429754303401","Units"
"Japan","Industrial Production","Index","Monthly","1980-M09","70.37969305877079","Units"
"Japan","Industrial Production","Index","Monthly","1980-M10","70.21448251168455","Units"
"Japan","Industrial Production","Index","Monthly","1980-M11","68.7275875879077","Units"
"Japan","Industrial Production","Index","Monthly","1980-M12","71.1231405206593","Units"
"Japan","Industrial Production","Index","Monthly","1981-M01","62.94521843988657","Units"
"Japan","Industrial Production","Index","Monthly","1981-M02","67.15808739058759","Units"
"Japan","Industrial Production","Index","Monthly","1981-M03","73.35348290632457","Units"
"Japan","Industrial Production","Index","Monthly","1981-M04","71.04053524711613","Units"
"Japan","Industrial Production","Index","Monthly","1981-M05","67.73632430538978","Units"
"Japan","Industrial Production","Index","Monthly","1981-M06","71.61877216191822","Units"
"Japan","Industrial Production","Index","Monthly","1981-M07","72.61003544443615","Units"
"Japan","Industrial Production","Index","Monthly","1981-M08","66.41463992869927","Units"
"Japan","Industrial Production","Index","Monthly","1981-M09","73.18827235923823","Units"
"Japan","Industrial Production","Index","Monthly","1981-M10","73.10566708569506","Units"
"Japan","Industrial Production","Index","Monthly","1981-M11","72.27961435026347","Units"
"Japan","Industrial Production","Index","Monthly","1981-M12","73.51869345341081","Units"
"Japan","Industrial Production","Index","Monthly","1982-M01","64.67992918429292","Units"
"Japan","Industrial Production","Index","Monthly","1982-M02","68.64498231436453","Units"
"Japan","Industrial Production","Index","Monthly","1982-M03","75.83164111261934","Units"
"Japan","Industrial Production","Index","Monthly","1982-M04","72.03179852963396","Units"
"Japan","Industrial Production","Index","Monthly","1982-M05","68.39716649373503","Units"
"Japan","Industrial Production","Index","Monthly","1982-M06","72.44482489734981","Units"
"Japan","Industrial Production","Index","Monthly","1982-M07","72.69264071797922","Units"
"Japan","Industrial Production","Index","Monthly","1982-M08","66.3320346551561","Units"
"Japan","Industrial Production","Index","Monthly","1982-M09","73.10566708569506","Units"
"Japan","Industrial Production","Index","Monthly","1982-M10","70.13187723814138","Units"
"Japan","Industrial Production","Index","Monthly","1982-M11","71.37095634128871","Units"
"Japan","Industrial Production","Index","Monthly","1982-M12","71.9491932560908","Units"
"Japan","Industrial Production","Index","Monthly","1983-M01","64.51471863720659","Units"
"Japan","Industrial Production","Index","Monthly","1983-M02","68.31456122019186","Units"
"Japan","Industrial Production","Index","Monthly","1983-M03","75.83164111261934","Units"
"Japan","Industrial Production","Index","Monthly","1983-M04","72.27961435026347","Units"
"Japan","Industrial Production","Index","Monthly","1983-M05","69.88406141751187","Units"
"Japan","Industrial Production","Index","Monthly","1983-M06","73.60129872695398","Units"
"Japan","Industrial Production","Index","Monthly","1983-M07","74.26214091529933","Units"
"Japan","Industrial Production","Index","Monthly","1983-M08","70.13187723814138","Units"
"Japan","Industrial Production","Index","Monthly","1983-M09","76.740299121594","Units"
"Japan","Industrial Production","Index","Monthly","1983-M10","75.08819365073082","Units"
"Japan","Industrial Production","Index","Monthly","1983-M11","76.24466748033508","Units"
"Japan","Industrial Production","Index","Monthly","1983-M12","78.14458877182767","Units"
"Japan","Industrial Production","Index","Monthly","1984-M01","70.13187723814138","Units"
"Japan","Industrial Production","Index","Monthly","1984-M02","76.40987802742142","Units"
"Japan","Industrial Production","Index","Monthly","1984-M03","82.8530893637877","Units"
"Japan","Industrial Production","Index","Monthly","1984-M04","78.80543096017292","Units"
"Japan","Industrial Production","Index","Monthly","1984-M05","77.40114130993935","Units"
"Japan","Industrial Production","Index","Monthly","1984-M06","80.87056279875195","Units"
"Japan","Industrial Production","Index","Monthly","1984-M07","82.19224717544245","Units"
"Japan","Industrial Production","Index","Monthly","1984-M08","76.740299121594","Units"
"Japan","Industrial Production","Index","Monthly","1984-M09","81.5314049870972","Units"
"Japan","Industrial Production","Index","Monthly","1984-M10","82.8530893637877","Units"
"Japan","Industrial Production","Index","Monthly","1984-M11","83.01829991087404","Units"
"Japan","Industrial Production","Index","Monthly","1984-M12","83.59653682567612","Units"
"Japan","Industrial Production","Index","Monthly","1985-M01","75.17079892427399","Units"
"Japan","Industrial Production","Index","Monthly","1985-M02","79.79669424269085","Units"
"Japan","Industrial Production","Index","Monthly","1985-M03","86.15730030551406","Units"
"Japan","Industrial Production","Index","Monthly","1985-M04","83.84435264630563","Units"
"Japan","Industrial Production","Index","Monthly","1985-M05","81.86182608126987","Units"
"Japan","Industrial Production","Index","Monthly","1985-M06","83.43132627858988","Units"
"Japan","Industrial Production","Index","Monthly","1985-M07","86.23990557905723","Units"
"Japan","Industrial Production","Index","Monthly","1985-M08","78.47500986600035","Units"
"Japan","Industrial Production","Index","Monthly","1985-M09","83.84435264630563","Units"
"Japan","Industrial Production","Index","Monthly","1985-M10","84.00956319339197","Units"
"Japan","Industrial Production","Index","Monthly","1985-M11","83.67914209921929","Units"
"Japan","Industrial Production","Index","Monthly","1985-M12","84.83561592882356","Units"
"Japan","Industrial Production","Index","Monthly","1986-M01","75.41861474490349","Units"
"Japan","Industrial Production","Index","Monthly","1986-M02","80.37493115749293","Units"
"Japan","Industrial Production","Index","Monthly","1986-M03","87.14856358803199","Units"
"Japan","Industrial Production","Index","Monthly","1986-M04","83.59653682567612","Units"
"Japan","Industrial Production","Index","Monthly","1986-M05","80.87056279875195","Units"
"Japan","Industrial Production","Index","Monthly","1986-M06","83.84435264630563","Units"
"Japan","Industrial Production","Index","Monthly","1986-M07","85.66166866425515","Units"
"Japan","Industrial Production","Index","Monthly","1986-M08","76.49248330096459","Units"
"Japan","Industrial Production","Index","Monthly","1986-M09","85.16603702299613","Units"
"Japan","Industrial Production","Index","Monthly","1986-M10","83.59653682567612","Units"
"Japan","Industrial Production","Index","Monthly","1986-M11","82.19224717544245","Units"
"Japan","Industrial Production","Index","Monthly","1986-M12","85.33124757008247","Units"
"Japan","Industrial Production","Index","Monthly","1987-M01","75.83164111261934","Units"
"Japan","Industrial Production","Index","Monthly","1987-M02","79.96190478977719","Units"
"Japan","Industrial Production","Index","Monthly","1987-M03","88.55285323826566","Units"
"Japan","Industrial Production","Index","Monthly","1987-M04","83.9269579198488","Units"
"Japan","Industrial Production","Index","Monthly","1987-M05","79.87929951623402","Units"
"Japan","Industrial Production","Index","Monthly","1987-M06","86.15730030551406","Units"
"Japan","Industrial Production","Index","Monthly","1987-M07","89.04848487952458","Units"
"Japan","Industrial Production","Index","Monthly","1987-M08","80.20972061040669","Units"
"Japan","Industrial Production","Index","Monthly","1987-M09","89.04848487952458","Units"
"Japan","Industrial Production","Index","Monthly","1987-M10","89.87453761495626","Units"
"Japan","Industrial Production","Index","Monthly","1987-M11","89.13109015306775","Units"
"Japan","Industrial Production","Index","Monthly","1987-M12","92.1874852741646","Units"
"Japan","Industrial Production","Index","Monthly","1988-M01","82.26470329678745","Units"
"Japan","Industrial Production","Index","Monthly","1988-M02","89.83385275266629","Units"
"Japan","Industrial Production","Index","Monthly","1988-M03","98.79731921357556","Units"
"Japan","Industrial Production","Index","Monthly","1988-M04","93.12045712166619","Units"
"Japan","Industrial Production","Index","Monthly","1988-M05","88.04115946048445","Units"
"Japan","Industrial Production","Index","Monthly","1988-M06","94.51477412669652","Units"
"Japan","Industrial Production","Index","Monthly","1988-M07","95.31152670099952","Units"
"Japan","Industrial Production","Index","Monthly","1988-M08","87.74237724512078","Units"
"Japan","Industrial Production","Index","Monthly","1988-M09","97.20381406496918","Units"
"Japan","Industrial Production","Index","Monthly","1988-M10","95.41112077278744","Units"
"Japan","Industrial Production","Index","Monthly","1988-M11","97.10421999318135","Units"
"Japan","Industrial Production","Index","Monthly","1988-M12","99.2952895725142","Units"
"Japan","Industrial Production","Index","Monthly","1989-M01","88.93750610657537","Units"
"Japan","Industrial Production","Index","Monthly","1989-M02","93.41923933702986","Units"
"Japan","Industrial Production","Index","Monthly","1989-M03","108.3583501052117","Units"
"Japan","Industrial Production","Index","Monthly","1989-M04","98.10016071106029","Units"
"Japan","Industrial Production","Index","Monthly","1989-M05","94.11639783954503","Units"
"Japan","Industrial Production","Index","Monthly","1989-M06","101.685547295424","Units"
"Japan","Industrial Production","Index","Monthly","1989-M07","100.4904184339691","Units"
"Japan","Industrial Production","Index","Monthly","1989-M08","93.22005119345411","Units"
"Japan","Industrial Production","Index","Monthly","1989-M09","101.38676508006","Units"
"Japan","Industrial Production","Index","Monthly","1989-M10","100.2912302903934","Units"
"Japan","Industrial Production","Index","Monthly","1989-M11","100.6896065775447","Units"
"Japan","Industrial Production","Index","Monthly","1989-M12","102.6814880133022","Units"
"Japan","Industrial Production","Index","Monthly","1990-M01","90.63060532696928","Units"
"Japan","Industrial Production","Index","Monthly","1990-M02","96.40706149066618","Units"
"Japan","Industrial Production","Index","Monthly","1990-M03","109.3542908230899","Units"
"Japan","Industrial Production","Index","Monthly","1990-M04","100.9883887929087","Units"
"Japan","Industrial Production","Index","Monthly","1990-M05","97.70178442390899","Units"
"Japan","Industrial Production","Index","Monthly","1990-M06","104.6733694490597","Units"
"Japan","Industrial Production","Index","Monthly","1990-M07","107.1632212437568","Units"
"Japan","Industrial Production","Index","Monthly","1990-M08","97.70178442390899","Units"
"Japan","Industrial Production","Index","Monthly","1990-M09","106.0676864540902","Units"
"Japan","Industrial Production","Index","Monthly","1990-M10","108.0595678898477","Units"
"Japan","Industrial Production","Index","Monthly","1990-M11","106.4660627412415","Units"
"Japan","Industrial Production","Index","Monthly","1990-M12","108.0595678898477","Units"
